restaurant id,category id,item id,serving size (oz),calories,calories from fat,total fat (g),total fat (% daily value),saturated fat (g),saturated fat (% daily value),trans fat (g),cholesterol (mg),cholesterol (% daily value),sodium (mg),sodium (% daily value),carbohydrates (g),carbohydrates (% daily value),dietary fiber (g),dietary fiber (% daily value),sugars (g),protein (g),vitamin a (% daily value),vitamin c (% daily value),calcium (% daily value),iron (% daily value)
1000,100,0,4.8,300,120.0,13.0,20.0,5.0,25.0,0.0,260.0,87.0,750.0,31.0,31,10.0,4,17.0,3.0,17.0,10.0,0.0,25.0,15.0
1000,100,1,4.8,250,70.0,8.0,12.0,3.0,15.0,0.0,25.0,8.0,770.0,32.0,30,10.0,4,17.0,3.0,18.0,6.0,0.0,25.0,8.0
1000,100,2,3.9,370,200.0,23.0,35.0,8.0,42.0,0.0,45.0,15.0,780.0,33.0,29,10.0,4,17.0,2.0,14.0,8.0,0.0,25.0,10.0
1000,100,3,5.7,450,250.0,28.0,43.0,10.0,52.0,0.0,285.0,95.0,860.0,36.0,30,10.0,4,17.0,2.0,21.0,15.0,0.0,30.0,15.0
1000,100,4,5.7,400,210.0,23.0,35.0,8.0,42.0,0.0,50.0,16.0,880.0,37.0,30,10.0,4,17.0,2.0,21.0,6.0,0.0,25.0,10.0
1000,100,5,6.5,430,210.0,23.0,36.0,9.0,46.0,1.0,300.0,100.0,960.0,40.0,31,10.0,4,18.0,3.0,26.0,15.0,2.0,30.0,20.0
1000,100,6,5.3,460,230.0,26.0,40.0,13.0,65.0,0.0,250.0,83.0,1300.0,54.0,38,13.0,2,7.0,3.0,19.0,10.0,8.0,15.0,15.0
1000,100,7,5.8,520,270.0,30.0,47.0,14.0,68.0,0.0,250.0,83.0,1410.0,59.0,43,14.0,3,12.0,4.0,19.0,15.0,8.0,20.0,20.0
1000,100,8,5.4,410,180.0,20.0,32.0,11.0,56.0,0.0,35.0,11.0,1300.0,54.0,36,12.0,2,7.0,3.0,20.0,2.0,8.0,15.0,10.0
1000,100,9,5.9,470,220.0,25.0,38.0,12.0,59.0,0.0,35.0,11.0,1420.0,59.0,42,14.0,3,12.0,4.0,20.0,6.0,8.0,15.0,15.0
1000,100,10,4.1,430,240.0,27.0,42.0,12.0,62.0,0.0,30.0,10.0,1080.0,45.0,34,11.0,2,6.0,2.0,11.0,0.0,0.0,6.0,15.0
1000,100,11,4.6,480,280.0,31.0,48.0,13.0,65.0,0.0,30.0,10.0,1190.0,50.0,39,13.0,3,11.0,3.0,11.0,4.0,0.0,8.0,15.0
1000,100,12,5.7,510,290.0,33.0,50.0,14.0,71.0,0.0,250.0,83.0,1170.0,49.0,36,12.0,2,6.0,2.0,18.0,6.0,0.0,10.0,20.0
1000,100,13,6.2,570,330.0,37.0,57.0,15.0,74.0,0.0,250.0,83.0,1280.0,53.0,42,14.0,3,11.0,3.0,18.0,10.0,0.0,10.0,20.0
1000,100,14,5.9,460,250.0,27.0,42.0,12.0,62.0,0.0,35.0,11.0,1180.0,49.0,34,11.0,2,6.0,3.0,18.0,0.0,0.0,8.0,15.0
1000,100,15,6.4,520,280.0,32.0,49.0,13.0,65.0,0.0,35.0,11.0,1290.0,54.0,40,13.0,3,11.0,3.0,18.0,4.0,0.0,8.0,15.0
1000,100,16,5.0,410,180.0,20.0,31.0,8.0,41.0,0.0,30.0,10.0,1180.0,49.0,41,14.0,2,6.0,3.0,17.0,0.0,2.0,6.0,15.0
1000,100,17,5.5,470,220.0,24.0,37.0,9.0,45.0,0.0,30.0,10.0,1290.0,54.0,46,15.0,3,11.0,4.0,17.0,4.0,2.0,8.0,15.0
1000,100,18,7.1,540,290.0,32.0,49.0,16.0,78.0,1.0,280.0,93.0,1470.0,61.0,38,13.0,2,8.0,3.0,25.0,10.0,2.0,20.0,25.0
1000,100,19,6.1,460,190.0,21.0,32.0,9.0,44.0,0.0,250.0,84.0,1250.0,52.0,48,16.0,2,9.0,15.0,19.0,10.0,10.0,20.0,15.0
1000,100,20,6.3,400,140.0,15.0,24.0,7.0,34.0,0.0,35.0,11.0,1250.0,52.0,47,16.0,2,9.0,16.0,20.0,2.0,10.0,15.0,10.0
1000,100,21,5.0,420,200.0,22.0,34.0,8.0,40.0,0.0,35.0,11.0,1030.0,43.0,44,15.0,2,8.0,15.0,11.0,0.0,0.0,8.0,10.0
1000,100,22,7.1,550,280.0,31.0,48.0,12.0,61.0,0.0,265.0,89.0,1320.0,55.0,48,16.0,2,9.0,15.0,20.0,10.0,0.0,20.0,15.0
1000,100,23,7.2,500,230.0,26.0,40.0,10.0,52.0,0.0,50.0,17.0,1320.0,55.0,46,15.0,2,9.0,15.0,21.0,2.0,0.0,20.0,10.0
1000,100,24,6.9,620,280.0,31.0,48.0,11.0,56.0,0.5,275.0,92.0,1480.0,62.0,57,19.0,3,11.0,7.0,30.0,20.0,15.0,20.0,20.0
1000,100,25,7.1,570,230.0,25.0,39.0,9.0,45.0,0.5,60.0,20.0,1480.0,62.0,55,18.0,3,12.0,8.0,30.0,10.0,15.0,20.0,15.0
1000,100,26,8.5,670,310.0,35.0,53.0,13.0,63.0,1.5,295.0,99.0,1510.0,63.0,56,19.0,3,12.0,7.0,33.0,20.0,4.0,25.0,25.0
1000,100,27,9.5,740,430.0,48.0,73.0,17.0,87.0,0.0,555.0,185.0,1560.0,65.0,51,17.0,3,12.0,3.0,28.0,15.0,2.0,15.0,25.0
1000,100,28,10.0,800,470.0,52.0,80.0,18.0,90.0,0.0,555.0,185.0,1680.0,70.0,56,19.0,4,17.0,3.0,28.0,15.0,2.0,15.0,30.0
1000,100,29,9.6,640,330.0,37.0,57.0,14.0,69.0,0.0,35.0,12.0,1590.0,66.0,50,17.0,3,12.0,3.0,26.0,0.0,2.0,10.0,15.0
1000,100,30,10.1,690,370.0,41.0,63.0,14.0,72.0,0.0,35.0,12.0,1700.0,71.0,55,18.0,4,17.0,4.0,26.0,4.0,2.0,10.0,15.0
1000,100,31,14.8,1090,510.0,56.0,87.0,19.0,96.0,0.0,575.0,192.0,2150.0,90.0,111,37.0,6,23.0,17.0,36.0,15.0,2.0,25.0,40.0
1000,100,32,15.3,1150,540.0,60.0,93.0,20.0,100.0,0.0,575.0,192.0,2260.0,94.0,116,39.0,7,28.0,17.0,36.0,15.0,2.0,30.0,40.0
1000,100,33,14.9,990,410.0,46.0,70.0,16.0,78.0,0.0,55.0,19.0,2170.0,91.0,110,37.0,6,23.0,17.0,35.0,0.0,2.0,25.0,30.0
1000,100,34,15.4,1050,450.0,50.0,77.0,16.0,81.0,0.0,55.0,19.0,2290.0,95.0,115,38.0,7,28.0,18.0,35.0,4.0,2.0,25.0,30.0
1000,100,35,5.3,350,80.0,9.0,13.0,2.0,9.0,0.0,20.0,7.0,590.0,24.0,60,20.0,3,10.0,14.0,8.0,0.0,0.0,15.0,15.0
1000,100,36,6.8,520,210.0,24.0,37.0,7.0,36.0,0.0,50.0,17.0,930.0,39.0,61,20.0,3,10.0,14.0,15.0,0.0,0.0,15.0,15.0
1000,100,37,3.9,300,150.0,16.0,25.0,7.0,33.0,0.0,115.0,38.0,790.0,33.0,26,9.0,1,5.0,2.0,12.0,10.0,2.0,15.0,15.0
1000,100,38,2.0,150,80.0,9.0,14.0,1.5,6.0,0.0,0.0,0.0,310.0,13.0,15,5.0,2,6.0,0.0,1.0,0.0,2.0,0.0,2.0
1000,100,39,4.0,460,170.0,19.0,30.0,9.0,43.0,0.0,15.0,5.0,370.0,15.0,66,22.0,3,11.0,32.0,6.0,4.0,0.0,6.0,15.0
1000,100,40,9.6,290,35.0,4.0,6.0,1.5,8.0,0.0,5.0,2.0,160.0,7.0,58,19.0,5,19.0,32.0,5.0,2.0,130.0,10.0,10.0
1000,100,41,9.6,260,40.0,4.0,6.0,1.5,8.0,0.0,5.0,2.0,115.0,5.0,49,16.0,5,22.0,18.0,5.0,2.0,130.0,6.0,10.0
1000,101,42,7.4,530,240.0,27.0,42.0,10.0,48.0,1.0,85.0,28.0,960.0,40.0,47,16.0,3,13.0,9.0,24.0,6.0,2.0,25.0,25.0
1000,101,43,7.1,520,240.0,26.0,41.0,12.0,61.0,1.5,95.0,31.0,1100.0,46.0,41,14.0,3,11.0,10.0,30.0,10.0,2.0,30.0,25.0
1000,101,44,8.0,600,260.0,29.0,45.0,13.0,63.0,1.5,105.0,34.0,1440.0,60.0,48,16.0,3,12.0,12.0,37.0,6.0,15.0,25.0,30.0
1000,101,45,8.3,610,280.0,31.0,48.0,13.0,64.0,1.5,105.0,35.0,1180.0,49.0,46,15.0,3,14.0,10.0,37.0,8.0,20.0,25.0,30.0
1000,101,46,8.6,540,250.0,27.0,42.0,11.0,54.0,1.5,85.0,28.0,960.0,40.0,45,15.0,3,13.0,9.0,29.0,10.0,8.0,25.0,30.0
1000,101,47,10.0,750,380.0,43.0,66.0,19.0,96.0,2.5,160.0,53.0,1280.0,53.0,42,14.0,3,11.0,10.0,48.0,10.0,2.0,30.0,35.0
1000,101,48,3.5,240,70.0,8.0,12.0,3.0,15.0,0.0,30.0,10.0,480.0,20.0,32,11.0,1,6.0,6.0,12.0,2.0,2.0,10.0,15.0
1000,101,49,4.0,290,100.0,11.0,18.0,5.0,27.0,0.5,45.0,15.0,680.0,28.0,33,11.0,2,7.0,7.0,15.0,6.0,2.0,20.0,15.0
1000,101,50,5.7,430,190.0,21.0,32.0,10.0,52.0,1.0,90.0,30.0,1040.0,43.0,35,12.0,2,8.0,7.0,24.0,10.0,2.0,30.0,20.0
1000,101,51,9.5,720,360.0,40.0,62.0,15.0,75.0,1.5,115.0,38.0,1470.0,61.0,51,17.0,4,14.0,14.0,39.0,8.0,25.0,30.0,25.0
1000,101,52,5.2,380,150.0,17.0,26.0,8.0,40.0,1.0,75.0,25.0,840.0,35.0,34,11.0,2,7.0,7.0,22.0,6.0,2.0,20.0,20.0
1000,101,53,5.7,440,200.0,22.0,34.0,10.0,49.0,1.0,90.0,30.0,1110.0,46.0,35,12.0,2,7.0,7.0,27.0,6.0,10.0,20.0,20.0
1000,101,54,6.7,430,200.0,22.0,35.0,9.0,44.0,1.0,80.0,27.0,760.0,32.0,34,11.0,2,8.0,7.0,22.0,8.0,8.0,20.0,20.0
1000,101,55,5.6,430,210.0,23.0,36.0,9.0,44.0,1.0,80.0,27.0,1030.0,43.0,35,12.0,2,7.0,6.0,22.0,6.0,8.0,20.0,20.0
1000,101,56,7.3,500,240.0,26.0,40.0,10.0,48.0,0.0,70.0,23.0,980.0,41.0,44,15.0,3,10.0,11.0,22.0,2.0,2.0,15.0,20.0
1000,102,57,7.5,510,200.0,22.0,33.0,3.5,18.0,0.0,45.0,16.0,990.0,41.0,55,18.0,3,13.0,10.0,24.0,4.0,6.0,15.0,20.0
1000,102,58,7.0,350,80.0,9.0,13.0,2.0,9.0,0.0,65.0,22.0,820.0,34.0,42,14.0,3,13.0,8.0,28.0,4.0,8.0,15.0,20.0
1000,102,59,8.8,670,300.0,33.0,51.0,9.0,44.0,0.0,85.0,29.0,1410.0,59.0,58,19.0,3,14.0,11.0,36.0,8.0,20.0,30.0,20.0
1000,102,60,8.3,510,180.0,20.0,31.0,7.0,36.0,0.0,105.0,35.0,1250.0,52.0,44,15.0,3,13.0,9.0,40.0,8.0,20.0,30.0,20.0
1000,102,61,8.1,610,250.0,28.0,43.0,6.0,31.0,0.0,70.0,24.0,1400.0,58.0,57,19.0,3,13.0,11.0,32.0,4.0,20.0,15.0,20.0
1000,102,62,7.6,450,130.0,15.0,23.0,4.5,22.0,0.0,90.0,30.0,1230.0,51.0,43,14.0,3,13.0,9.0,36.0,4.0,20.0,15.0,20.0
1000,102,63,10.0,750,340.0,38.0,59.0,10.0,51.0,0.5,90.0,31.0,1720.0,72.0,65,22.0,4,15.0,16.0,36.0,8.0,25.0,30.0,15.0
1000,102,64,9.5,590,230.0,25.0,39.0,8.0,42.0,0.0,110.0,37.0,1560.0,65.0,51,17.0,4,15.0,14.0,40.0,8.0,30.0,30.0,15.0
1000,102,65,5.6,430,170.0,19.0,29.0,3.0,15.0,0.0,45.0,14.0,910.0,38.0,43,14.0,2,7.0,7.0,21.0,4.0,2.0,15.0,15.0
1000,102,66,5.1,360,140.0,16.0,25.0,3.0,15.0,0.0,35.0,11.0,800.0,33.0,40,13.0,2,7.0,5.0,14.0,0.0,2.0,10.0,15.0
1000,102,67,6.0,480,220.0,24.0,38.0,7.0,35.0,0.0,65.0,21.0,1260.0,53.0,43,14.0,2,8.0,6.0,22.0,4.0,10.0,20.0,15.0
1000,102,68,5.7,430,190.0,21.0,32.0,5.0,25.0,0.0,50.0,17.0,1260.0,53.0,41,14.0,2,7.0,6.0,20.0,2.0,10.0,15.0,15.0
1000,102,69,5.2,360,150.0,16.0,25.0,3.0,16.0,0.0,35.0,11.0,990.0,41.0,40,13.0,2,7.0,5.0,14.0,2.0,2.0,15.0,15.0
1000,102,70,11.1,630,280.0,32.0,49.0,9.0,45.0,0.5,80.0,26.0,1540.0,64.0,56,19.0,3,13.0,7.0,32.0,60.0,20.0,20.0,20.0
1000,102,71,10.7,480,170.0,19.0,28.0,7.0,36.0,0.0,95.0,32.0,1370.0,57.0,42,14.0,3,13.0,6.0,36.0,60.0,25.0,20.0,20.0
1000,102,72,10.9,610,280.0,31.0,47.0,8.0,40.0,0.5,65.0,21.0,1340.0,56.0,56,19.0,3,14.0,8.0,27.0,60.0,15.0,20.0,20.0
1000,102,73,10.5,450,160.0,18.0,27.0,6.0,31.0,0.5,80.0,27.0,1170.0,49.0,42,14.0,3,14.0,6.0,30.0,60.0,15.0,15.0,20.0
1000,102,74,11.1,670,300.0,33.0,51.0,8.0,40.0,0.5,60.0,21.0,1480.0,62.0,68,23.0,5,19.0,12.0,27.0,60.0,15.0,20.0,20.0
1000,102,75,11.2,520,180.0,20.0,31.0,6.0,32.0,0.0,80.0,27.0,1320.0,55.0,55,18.0,5,20.0,10.0,31.0,70.0,15.0,20.0,20.0
1000,102,76,10.7,540,200.0,23.0,35.0,4.5,23.0,0.0,50.0,16.0,1260.0,52.0,61,20.0,3,13.0,14.0,23.0,60.0,15.0,8.0,20.0
1000,102,77,10.3,380,90.0,10.0,15.0,3.0,14.0,0.0,65.0,22.0,1090.0,45.0,47,16.0,3,13.0,12.0,27.0,60.0,15.0,8.0,20.0
1000,102,78,2.3,190,110.0,12.0,18.0,2.0,10.0,0.0,25.0,9.0,360.0,15.0,12,4.0,1,2.0,0.0,9.0,0.0,2.0,0.0,2.0
1000,102,79,3.4,280,160.0,18.0,27.0,3.0,15.0,0.0,40.0,13.0,540.0,22.0,18,6.0,1,4.0,0.0,13.0,0.0,2.0,2.0,4.0
1000,102,80,5.7,470,270.0,30.0,45.0,5.0,25.0,0.0,65.0,22.0,900.0,37.0,30,10.0,2,6.0,0.0,22.0,0.0,4.0,2.0,6.0
1000,102,81,11.4,940,530.0,59.0,91.0,10.0,50.0,0.0,135.0,44.0,1800.0,75.0,59,20.0,3,12.0,0.0,44.0,0.0,8.0,4.0,10.0
1000,102,82,22.8,1880,1060.0,118.0,182.0,20.0,101.0,1.0,265.0,89.0,3600.0,150.0,118,39.0,6,24.0,1.0,87.0,0.0,15.0,8.0,25.0
1000,102,83,5.0,390,170.0,19.0,29.0,4.0,19.0,0.0,40.0,14.0,590.0,24.0,39,13.0,2,7.0,5.0,15.0,2.0,0.0,15.0,10.0
1000,103,84,7.9,140,70.0,7.0,11.0,3.5,18.0,0.0,25.0,9.0,300.0,13.0,10,3.0,3,12.0,4.0,9.0,170.0,30.0,15.0,6.0
1000,103,85,9.0,380,190.0,21.0,33.0,6.0,29.0,0.0,70.0,23.0,860.0,36.0,22,7.0,2,10.0,5.0,25.0,100.0,25.0,15.0,8.0
1000,103,86,8.5,220,80.0,8.0,13.0,4.0,20.0,0.0,85.0,29.0,690.0,29.0,8,3.0,2,10.0,4.0,29.0,110.0,30.0,15.0,8.0
1000,103,87,8.1,140,40.0,4.5,7.0,2.0,9.0,0.0,10.0,3.0,150.0,6.0,20,7.0,6,23.0,6.0,6.0,160.0,25.0,15.0,10.0
1000,103,88,12.3,450,190.0,22.0,33.0,4.5,22.0,0.0,50.0,17.0,850.0,35.0,42,14.0,7,28.0,12.0,23.0,170.0,30.0,15.0,15.0
1000,103,89,11.8,290,80.0,8.0,13.0,2.5,13.0,0.0,70.0,23.0,680.0,28.0,28,9.0,7,28.0,10.0,27.0,170.0,30.0,15.0,15.0
1000,102,90,4.6,340,130.0,15.0,23.0,4.5,22.0,0.0,30.0,11.0,780.0,33.0,37,12.0,1,6.0,8.0,14.0,4.0,0.0,10.0,10.0
1000,102,91,4.3,260,70.0,8.0,13.0,3.5,18.0,0.0,40.0,14.0,700.0,29.0,30,10.0,1,6.0,7.0,16.0,4.0,2.0,10.0,10.0
1000,102,92,4.3,330,130.0,15.0,23.0,4.5,22.0,0.0,35.0,11.0,730.0,30.0,34,11.0,1,5.0,3.0,14.0,2.0,0.0,10.0,10.0
1000,102,93,4.1,250,70.0,8.0,13.0,3.5,18.0,0.0,45.0,14.0,650.0,27.0,27,9.0,1,5.0,2.0,16.0,2.0,2.0,10.0,10.0
1000,102,94,4.5,360,180.0,20.0,30.0,5.0,27.0,0.0,40.0,13.0,810.0,34.0,32,11.0,1,5.0,3.0,15.0,2.0,0.0,10.0,10.0
1000,102,95,4.3,280,120.0,13.0,20.0,4.5,22.0,0.0,45.0,16.0,720.0,30.0,25,8.0,1,5.0,2.0,16.0,2.0,2.0,10.0,10.0
1000,104,96,2.6,230,100.0,11.0,17.0,1.5,8.0,0.0,0.0,0.0,130.0,5.0,30,10.0,2,10.0,0.0,2.0,0.0,30.0,0.0,4.0
1000,104,97,3.9,340,140.0,16.0,24.0,2.5,11.0,0.0,0.0,0.0,190.0,8.0,44,15.0,4,14.0,0.0,4.0,0.0,45.0,2.0,4.0
1000,104,98,5.9,510,220.0,24.0,37.0,3.5,17.0,0.0,0.0,0.0,290.0,12.0,67,22.0,5,22.0,0.0,6.0,0.0,70.0,2.0,8.0
1000,104,99,1.3,110,50.0,5.0,8.0,1.0,4.0,0.0,0.0,0.0,65.0,3.0,15,5.0,1,5.0,0.0,1.0,0.0,15.0,0.0,2.0
1000,103,100,3.1,20,0.0,0.0,0.0,0.0,0.0,0.0,0.0,0.0,10.0,0.0,4,1.0,1,6.0,2.0,1.0,45.0,25.0,2.0,4.0
1000,104,101,1.2,15,0.0,0.0,0.0,0.0,0.0,0.0,0.0,0.0,0.0,0.0,4,1.0,0,0.0,3.0,0.0,0.0,160.0,2.0,0.0
1000,100,102,5.2,150,20.0,2.0,3.0,1.0,5.0,0.0,5.0,2.0,70.0,3.0,30,10.0,1,3.0,23.0,4.0,2.0,15.0,10.0,4.0
1000,105,103,2.7,250,110.0,13.0,19.0,7.0,35.0,0.0,0.0,0.0,170.0,7.0,32,11.0,4,15.0,13.0,2.0,4.0,25.0,2.0,6.0
1000,105,104,1.164042,160,70.0,8.0,12.0,3.5,19.0,0.0,10.0,3.0,90.0,4.0,21,7.0,1,3.0,15.0,2.0,2.0,0.0,2.0,8.0
1000,105,105,1.164042,150,50.0,6.0,9.0,2.5,13.0,0.0,10.0,3.0,135.0,6.0,22,7.0,1,3.0,13.0,2.0,2.0,0.0,2.0,6.0
1000,105,106,1.0,45,10.0,1.5,2.0,1.0,4.0,0.0,5.0,2.0,20.0,1.0,7,2.0,0,0.0,6.0,1.0,2.0,0.0,4.0,0.0
1000,105,107,6.3,330,80.0,9.0,14.0,7.0,34.0,0.0,25.0,8.0,170.0,7.0,53,18.0,1,3.0,48.0,8.0,8.0,0.0,25.0,8.0
1000,105,108,6.4,340,70.0,8.0,12.0,5.0,24.0,0.0,30.0,10.0,150.0,6.0,60,20.0,0,0.0,43.0,7.0,10.0,0.0,25.0,0.0
1000,105,109,6.3,280,60.0,6.0,10.0,4.0,20.0,0.0,25.0,8.0,85.0,4.0,49,16.0,0,0.0,45.0,6.0,8.0,4.0,20.0,0.0
1000,106,110,16.0,140,0.0,0.0,0.0,0.0,0.0,0.0,0.0,0.0,0.0,0.0,39,13.0,0,0.0,39.0,0.0,0.0,0.0,0.0,0.0
1000,106,111,21.0,200,0.0,0.0,0.0,0.0,0.0,0.0,0.0,0.0,5.0,0.0,55,18.0,0,0.0,55.0,0.0,0.0,0.0,0.0,0.0
1000,106,112,30.0,280,0.0,0.0,0.0,0.0,0.0,0.0,0.0,0.0,5.0,0.0,76,25.0,0,0.0,76.0,0.0,0.0,0.0,0.0,0.0
1000,106,113,12.0,100,0.0,0.0,0.0,0.0,0.0,0.0,0.0,0.0,0.0,0.0,28,9.0,0,0.0,28.0,0.0,0.0,0.0,0.0,0.0
1000,106,114,16.0,0,0.0,0.0,0.0,0.0,0.0,0.0,0.0,0.0,10.0,0.0,0,0.0,0,0.0,0.0,0.0,0.0,0.0,0.0,0.0
1000,106,115,21.0,0,0.0,0.0,0.0,0.0,0.0,0.0,0.0,0.0,20.0,1.0,0,0.0,0,0.0,0.0,0.0,0.0,0.0,0.0,0.0
1000,106,116,30.0,0,0.0,0.0,0.0,0.0,0.0,0.0,0.0,0.0,35.0,1.0,0,0.0,0,0.0,0.0,0.0,0.0,0.0,0.0,0.0
1000,106,117,12.0,0,0.0,0.0,0.0,0.0,0.0,0.0,0.0,0.0,15.0,1.0,0,0.0,0,0.0,0.0,0.0,0.0,0.0,0.0,0.0
1000,106,118,16.0,140,0.0,0.0,0.0,0.0,0.0,0.0,0.0,0.0,45.0,2.0,37,12.0,0,0.0,35.0,0.0,0.0,0.0,0.0,0.0
1000,106,119,21.0,190,0.0,0.0,0.0,0.0,0.0,0.0,0.0,0.0,65.0,3.0,53,18.0,0,0.0,51.0,0.0,0.0,0.0,0.0,0.0
1000,106,120,30.0,270,0.0,0.0,0.0,0.0,0.0,0.0,0.0,0.0,90.0,4.0,72,24.0,0,0.0,70.0,0.0,0.0,0.0,0.0,0.0
1000,106,121,12.0,100,0.0,0.0,0.0,0.0,0.0,0.0,0.0,0.0,30.0,1.0,27,9.0,0,0.0,26.0,0.0,0.0,0.0,0.0,0.0
1000,106,122,16.0,0,0.0,0.0,0.0,0.0,0.0,0.0,0.0,0.0,70.0,3.0,0,0.0,0,0.0,0.0,2.0,0.0,0.0,0.0,0.0
1000,106,123,21.0,0,0.0,0.0,0.0,0.0,0.0,0.0,0.0,0.0,100.0,4.0,0,0.0,0,0.0,0.0,3.0,0.0,0.0,0.0,0.0
1000,106,124,30.0,0,0.0,0.0,0.0,0.0,0.0,0.0,0.0,0.0,140.0,6.0,0,0.0,0,0.0,0.0,4.0,0.0,0.0,0.0,0.0
1000,106,125,12.0,0,0.0,0.0,0.0,0.0,0.0,0.0,0.0,0.0,50.0,2.0,0,0.0,0,0.0,0.0,1.0,0.0,0.0,0.0,0.0
1000,106,126,16.0,140,0.0,0.0,0.0,0.0,0.0,0.0,0.0,0.0,30.0,1.0,37,12.0,0,0.0,37.0,0.0,0.0,0.0,0.0,0.0
1000,106,127,21.0,200,0.0,0.0,0.0,0.0,0.0,0.0,0.0,0.0,45.0,2.0,54,18.0,0,0.0,54.0,0.0,0.0,0.0,0.0,0.0
1000,106,128,30.0,280,0.0,0.0,0.0,0.0,0.0,0.0,0.0,0.0,60.0,3.0,74,25.0,0,0.0,74.0,0.0,0.0,0.0,0.0,0.0
1000,106,129,12.0,100,0.0,0.0,0.0,0.0,0.0,0.0,0.0,0.0,25.0,1.0,27,9.0,0,0.0,27.0,0.0,0.0,0.0,0.0,0.0
1000,106,130,7.980103999999999,100,20.0,2.5,4.0,1.5,8.0,0.0,10.0,3.0,125.0,5.0,12,4.0,0,0.0,12.0,8.0,10.0,4.0,30.0,0.0
1000,106,131,7.980103999999999,130,0.0,0.0,0.0,0.0,0.0,0.0,5.0,2.0,135.0,6.0,23,8.0,1,2.0,22.0,9.0,10.0,0.0,30.0,8.0
1000,106,132,6.0,80,0.0,0.0,0.0,0.0,0.0,0.0,0.0,0.0,15.0,1.0,21,7.0,0,0.0,19.0,0.0,0.0,100.0,10.0,0.0
1000,106,133,12.0,150,0.0,0.0,0.0,0.0,0.0,0.0,0.0,0.0,0.0,0.0,34,11.0,0,0.0,30.0,2.0,0.0,130.0,2.0,0.0
1000,106,134,16.0,190,0.0,0.0,0.0,0.0,0.0,0.0,0.0,0.0,0.0,0.0,44,15.0,0,0.0,39.0,3.0,0.0,160.0,4.0,0.0
1000,106,135,22.0,280,0.0,0.0,0.0,0.0,0.0,0.0,0.0,0.0,5.0,0.0,65,22.0,0,0.0,58.0,4.0,0.0,240.0,4.0,0.0
1000,106,136,16.9,0,0.0,0.0,0.0,0.0,0.0,0.0,0.0,0.0,0.0,0.0,0,0.0,0,0.0,0.0,0.0,0.0,0.0,0.0,0.0
1000,106,137,16.0,0,0.0,0.0,0.0,0.0,0.0,0.0,0.0,0.0,10.0,0.0,0,0.0,0,0.0,0.0,0.0,0.0,0.0,0.0,0.0
1000,106,138,21.0,0,0.0,0.0,0.0,0.0,0.0,0.0,0.0,0.0,10.0,0.0,0,0.0,0,0.0,0.0,0.0,0.0,0.0,0.0,0.0
1000,106,139,30.0,0,0.0,0.0,0.0,0.0,0.0,0.0,0.0,0.0,15.0,1.0,0,0.0,0,0.0,0.0,0.0,0.0,0.0,0.0,0.0
1000,106,140,12.0,0,0.0,0.0,0.0,0.0,0.0,0.0,0.0,0.0,5.0,0.0,0,0.0,0,0.0,0.0,0.0,0.0,0.0,0.0,0.0
1000,106,141,16.0,150,0.0,0.0,0.0,0.0,0.0,0.0,0.0,0.0,10.0,0.0,36,12.0,0,0.0,36.0,1.0,0.0,0.0,0.0,0.0
1000,106,142,21.0,180,0.0,0.0,0.0,0.0,0.0,0.0,0.0,0.0,10.0,0.0,45,15.0,0,0.0,45.0,1.0,0.0,0.0,0.0,0.0
1000,106,143,30.0,220,0.0,0.0,0.0,0.0,0.0,0.0,0.0,0.0,10.0,1.0,54,18.0,0,0.0,54.0,1.0,0.0,0.0,0.0,0.0
1000,106,144,12.0,110,0.0,0.0,0.0,0.0,0.0,0.0,0.0,0.0,5.0,0.0,27,9.0,0,0.0,27.0,0.0,0.0,0.0,0.0,0.0
1000,106,145,12.0,0,0.0,0.0,0.0,0.0,0.0,0.0,0.0,0.0,0.0,0.0,0,0.0,0,0.0,0.0,0.0,0.0,0.0,0.0,0.0
1000,106,146,16.0,0,0.0,0.0,0.0,0.0,0.0,0.0,0.0,0.0,0.0,0.0,0,0.0,0,0.0,0.0,0.0,0.0,0.0,0.0,0.0
1000,106,147,16.0,0,0.0,0.0,0.0,0.0,0.0,0.0,0.0,0.0,0.0,0.0,0,0.0,0,0.0,0.0,0.0,0.0,0.0,0.0,0.0
1000,106,148,12.0,170,80.0,9.0,13.0,5.0,24.0,0.0,25.0,9.0,115.0,5.0,15,5.0,1,3.0,12.0,9.0,8.0,0.0,30.0,0.0
1000,106,149,16.0,210,90.0,10.0,16.0,6.0,30.0,0.0,30.0,11.0,140.0,6.0,18,6.0,1,4.0,15.0,11.0,10.0,0.0,35.0,0.0
1000,106,150,20.0,280,120.0,14.0,21.0,8.0,39.0,0.0,40.0,14.0,180.0,8.0,24,8.0,1,6.0,20.0,15.0,15.0,0.0,50.0,2.0
1000,106,151,12.0,270,80.0,9.0,13.0,5.0,24.0,0.0,25.0,9.0,115.0,5.0,40,13.0,1,3.0,38.0,9.0,8.0,0.0,30.0,0.0
1000,106,152,16.0,340,90.0,10.0,16.0,6.0,30.0,0.0,30.0,11.0,140.0,6.0,50,17.0,1,4.0,48.0,11.0,10.0,0.0,35.0,0.0
1000,106,153,20.0,430,120.0,14.0,21.0,8.0,39.0,0.0,40.0,14.0,180.0,8.0,62,21.0,1,6.0,59.0,15.0,15.0,0.0,50.0,2.0
1000,106,154,12.0,270,80.0,9.0,13.0,5.0,24.0,0.0,25.0,9.0,115.0,5.0,40,13.0,1,3.0,38.0,9.0,8.0,0.0,30.0,0.0
1000,106,155,16.0,330,90.0,10.0,16.0,6.0,30.0,0.0,30.0,11.0,140.0,6.0,50,17.0,1,4.0,47.0,11.0,10.0,0.0,35.0,0.0
1000,106,156,20.0,430,120.0,14.0,21.0,8.0,39.0,0.0,40.0,14.0,180.0,8.0,62,21.0,1,6.0,58.0,15.0,15.0,0.0,50.0,2.0
1000,106,157,12.0,260,80.0,9.0,13.0,5.0,24.0,0.0,25.0,9.0,115.0,5.0,38,13.0,1,3.0,36.0,9.0,8.0,0.0,30.0,0.0
1000,106,158,16.0,330,90.0,10.0,16.0,6.0,30.0,0.0,30.0,11.0,140.0,6.0,48,16.0,1,4.0,45.0,11.0,10.0,0.0,35.0,2.0
1000,106,159,20.0,420,120.0,14.0,21.0,8.0,39.0,0.0,40.0,14.0,190.0,8.0,60,20.0,1,6.0,56.0,15.0,15.0,0.0,50.0,2.0
1000,106,160,12.0,210,80.0,9.0,13.0,5.0,24.0,0.0,25.0,9.0,150.0,6.0,24,8.0,1,4.0,12.0,9.0,8.0,0.0,30.0,0.0
1000,106,161,16.0,260,90.0,10.0,16.0,6.0,30.0,0.0,30.0,11.0,190.0,8.0,29,10.0,1,5.0,15.0,12.0,10.0,0.0,35.0,0.0
1000,106,162,20.0,330,120.0,14.0,21.0,8.0,39.0,0.0,40.0,14.0,240.0,10.0,37,12.0,2,7.0,20.0,15.0,15.0,0.0,50.0,2.0
1000,106,163,12.0,100,0.0,0.0,0.0,0.0,0.0,0.0,5.0,2.0,110.0,5.0,15,5.0,1,3.0,13.0,10.0,10.0,0.0,30.0,0.0
1000,106,164,16.0,130,0.0,0.0,0.0,0.0,0.0,0.0,5.0,2.0,135.0,6.0,19,6.0,1,4.0,16.0,12.0,15.0,0.0,40.0,0.0
1000,106,165,20.0,170,0.0,0.5,1.0,0.0,0.0,0.0,10.0,3.0,180.0,7.0,25,8.0,1,6.0,21.0,16.0,15.0,0.0,50.0,2.0
1000,106,166,12.0,200,0.0,0.0,0.0,0.0,0.0,0.0,5.0,2.0,110.0,5.0,41,14.0,1,3.0,39.0,10.0,10.0,0.0,30.0,0.0
1000,106,167,16.0,250,0.0,0.0,0.0,0.0,0.0,0.0,5.0,2.0,135.0,6.0,51,17.0,1,4.0,48.0,12.0,15.0,0.0,40.0,0.0
1000,106,168,20.0,310,0.0,0.5,1.0,0.0,0.0,0.0,10.0,3.0,180.0,7.0,63,21.0,1,6.0,59.0,16.0,15.0,0.0,50.0,2.0
1000,106,169,12.0,200,0.0,0.0,0.0,0.0,0.0,0.0,5.0,2.0,110.0,5.0,40,13.0,1,3.0,38.0,10.0,10.0,0.0,30.0,0.0
1000,106,170,16.0,250,0.0,0.0,0.0,0.0,0.0,0.0,5.0,2.0,135.0,6.0,51,17.0,1,4.0,48.0,12.0,15.0,0.0,40.0,0.0
1000,106,171,20.0,310,0.0,0.5,1.0,0.0,0.0,0.0,10.0,3.0,180.0,7.0,63,21.0,1,6.0,59.0,16.0,15.0,0.0,50.0,2.0
1000,106,172,12.0,190,0.0,0.0,0.0,0.0,0.0,0.0,5.0,2.0,115.0,5.0,39,13.0,1,3.0,37.0,10.0,10.0,0.0,30.0,0.0
1000,106,173,16.0,240,0.0,0.0,0.0,0.0,0.0,0.0,5.0,2.0,140.0,6.0,49,16.0,1,4.0,46.0,12.0,15.0,0.0,40.0,2.0
1000,106,174,20.0,300,0.0,0.5,1.0,0.0,0.0,0.0,10.0,3.0,180.0,8.0,60,20.0,1,6.0,56.0,16.0,15.0,0.0,50.0,2.0
1000,106,175,12.0,140,0.0,0.0,0.0,0.0,0.0,0.0,5.0,2.0,150.0,6.0,24,8.0,1,4.0,13.0,10.0,10.0,0.0,30.0,0.0
1000,106,176,16.0,170,0.0,0.0,0.0,0.0,0.0,0.0,5.0,2.0,180.0,8.0,30,10.0,1,5.0,16.0,12.0,15.0,0.0,40.0,0.0
1000,106,177,20.0,220,0.0,0.5,1.0,0.0,0.0,0.0,10.0,3.0,240.0,10.0,38,13.0,2,7.0,21.0,16.0,15.0,0.0,50.0,2.0
1000,106,178,12.0,340,100.0,11.0,18.0,7.0,34.0,0.0,35.0,12.0,150.0,6.0,49,16.0,2,6.0,42.0,10.0,10.0,0.0,30.0,6.0
1000,106,179,16.0,410,120.0,14.0,21.0,8.0,40.0,0.0,40.0,14.0,190.0,8.0,60,20.0,2,8.0,53.0,13.0,10.0,0.0,40.0,6.0
1000,106,180,20.0,500,150.0,17.0,26.0,10.0,49.0,0.5,50.0,17.0,240.0,10.0,72,24.0,2,10.0,63.0,16.0,15.0,0.0,50.0,8.0
1000,106,181,12.0,270,30.0,3.5,5.0,2.0,11.0,0.0,15.0,5.0,150.0,6.0,49,16.0,2,6.0,43.0,11.0,10.0,0.0,35.0,6.0
1000,106,182,16.0,330,30.0,3.5,6.0,2.0,11.0,0.0,15.0,5.0,190.0,8.0,60,20.0,2,8.0,53.0,13.0,15.0,0.0,40.0,6.0
1000,106,183,20.0,390,35.0,4.0,6.0,2.5,12.0,0.0,20.0,6.0,240.0,10.0,73,24.0,2,10.0,64.0,17.0,20.0,0.0,50.0,8.0
1000,106,184,12.0,320,100.0,11.0,17.0,7.0,33.0,0.0,35.0,12.0,170.0,7.0,45,15.0,1,3.0,40.0,10.0,10.0,0.0,30.0,2.0
1000,106,185,16.0,390,120.0,14.0,21.0,8.0,40.0,0.5,40.0,14.0,220.0,9.0,55,18.0,1,4.0,50.0,12.0,15.0,0.0,40.0,2.0
1000,106,186,20.0,480,150.0,17.0,26.0,10.0,49.0,0.5,50.0,17.0,270.0,11.0,66,22.0,1,5.0,60.0,16.0,15.0,0.0,50.0,4.0
1000,106,187,12.0,250,30.0,3.5,5.0,2.0,10.0,0.0,15.0,5.0,170.0,7.0,45,15.0,1,3.0,41.0,10.0,10.0,0.0,35.0,2.0
1000,106,188,16.0,310,30.0,3.5,5.0,2.0,11.0,0.0,15.0,5.0,210.0,9.0,56,19.0,1,4.0,51.0,13.0,15.0,0.0,40.0,2.0
1000,106,189,20.0,370,35.0,3.5,6.0,2.5,11.0,0.0,20.0,6.0,270.0,11.0,67,22.0,1,5.0,61.0,17.0,20.0,0.0,50.0,4.0
1000,106,190,12.0,360,120.0,13.0,21.0,8.0,39.0,0.0,40.0,14.0,180.0,8.0,50,17.0,1,3.0,45.0,11.0,10.0,0.0,40.0,6.0
1000,106,191,16.0,440,140.0,16.0,25.0,9.0,47.0,0.5,50.0,16.0,220.0,9.0,61,20.0,1,4.0,56.0,14.0,15.0,0.0,45.0,6.0
1000,106,192,20.0,540,180.0,20.0,31.0,12.0,58.0,0.5,60.0,20.0,280.0,12.0,73,24.0,1,5.0,68.0,17.0,20.0,0.0,60.0,8.0
1000,106,193,12.0,280,30.0,3.5,5.0,2.0,11.0,0.0,15.0,5.0,180.0,7.0,50,17.0,1,3.0,46.0,12.0,15.0,0.0,40.0,6.0
1000,106,194,16.0,340,30.0,3.5,5.0,2.0,11.0,0.0,15.0,6.0,220.0,9.0,61,20.0,1,4.0,57.0,14.0,20.0,0.0,50.0,6.0
1000,106,195,20.0,400,35.0,3.5,6.0,2.5,12.0,0.0,20.0,7.0,280.0,12.0,74,25.0,1,5.0,69.0,19.0,25.0,0.0,60.0,8.0
1000,106,196,16.0,140,40.0,4.5,7.0,3.0,15.0,0.0,15.0,6.0,35.0,1.0,23,8.0,0,0.0,22.0,1.0,4.0,0.0,4.0,0.0
1000,106,197,22.0,190,60.0,7.0,11.0,4.5,22.0,0.0,25.0,9.0,50.0,2.0,31,10.0,0,0.0,30.0,1.0,4.0,0.0,4.0,0.0
1000,106,198,32.0,270,80.0,9.0,14.0,6.0,29.0,0.0,35.0,12.0,75.0,3.0,47,16.0,0,0.0,45.0,2.0,6.0,0.0,8.0,0.0
1000,106,199,16.0,130,40.0,4.5,7.0,3.0,15.0,0.0,15.0,6.0,35.0,2.0,22,7.0,0,0.0,21.0,1.0,4.0,0.0,4.0,0.0
1000,106,200,22.0,180,60.0,7.0,11.0,4.5,22.0,0.0,25.0,9.0,50.0,2.0,29,10.0,0,0.0,28.0,1.0,4.0,0.0,4.0,0.0
1000,106,201,32.0,260,80.0,9.0,14.0,6.0,29.0,0.0,35.0,12.0,65.0,3.0,43,14.0,0,0.0,42.0,2.0,6.0,0.0,6.0,0.0
1000,106,202,16.0,130,40.0,4.5,7.0,3.0,15.0,0.0,15.0,6.0,35.0,1.0,21,7.0,0,0.0,20.0,1.0,4.0,0.0,4.0,0.0
1000,106,203,22.0,180,60.0,7.0,11.0,4.5,22.0,0.0,25.0,9.0,50.0,2.0,29,10.0,0,0.0,28.0,1.0,4.0,0.0,4.0,0.0
1000,106,204,32.0,250,80.0,9.0,14.0,6.0,29.0,0.0,35.0,12.0,75.0,3.0,43,14.0,0,0.0,41.0,2.0,6.0,0.0,8.0,0.0
1000,106,205,16.0,120,40.0,4.5,7.0,3.0,15.0,0.0,15.0,6.0,40.0,2.0,20,7.0,0,0.0,19.0,1.0,4.0,0.0,4.0,0.0
1000,106,206,22.0,170,60.0,7.0,11.0,4.5,22.0,0.0,25.0,9.0,55.0,2.0,27,9.0,0,0.0,26.0,1.0,4.0,0.0,4.0,0.0
1000,106,207,32.0,240,80.0,9.0,14.0,6.0,29.0,0.0,35.0,12.0,80.0,3.0,41,14.0,0,0.0,39.0,2.0,6.0,0.0,8.0,0.0
1000,106,208,16.0,80,40.0,4.5,7.0,3.0,15.0,0.0,15.0,6.0,65.0,3.0,9,3.0,0,0.0,1.0,1.0,4.0,0.0,4.0,0.0
1000,106,209,22.0,120,60.0,7.0,11.0,4.5,22.0,0.0,25.0,9.0,90.0,4.0,12,4.0,0,0.0,2.0,1.0,4.0,0.0,4.0,0.0
1000,106,210,32.0,160,80.0,9.0,14.0,6.0,29.0,0.0,35.0,12.0,135.0,6.0,18,6.0,0,0.0,2.0,2.0,6.0,0.0,8.0,0.0
1000,106,211,12.0,290,100.0,11.0,17.0,7.0,33.0,0.0,35.0,12.0,125.0,5.0,41,14.0,1,4.0,34.0,8.0,10.0,0.0,25.0,4.0
1000,106,212,16.0,350,110.0,13.0,19.0,8.0,38.0,0.0,40.0,13.0,150.0,6.0,50,17.0,1,5.0,43.0,9.0,10.0,0.0,30.0,6.0
1000,106,213,22.0,480,150.0,16.0,25.0,10.0,49.0,0.5,50.0,17.0,220.0,9.0,70,23.0,2,8.0,62.0,14.0,15.0,0.0,40.0,8.0
1000,106,214,12.0,240,45.0,5.0,8.0,3.0,16.0,0.0,20.0,7.0,125.0,5.0,41,14.0,1,4.0,35.0,8.0,10.0,0.0,25.0,4.0
1000,106,215,16.0,290,45.0,5.0,8.0,3.5,17.0,0.0,20.0,7.0,150.0,6.0,50,17.0,1,5.0,43.0,10.0,15.0,0.0,30.0,6.0
1000,106,216,22.0,390,50.0,6.0,9.0,3.5,18.0,0.0,25.0,8.0,220.0,9.0,71,24.0,2,8.0,62.0,14.0,20.0,0.0,45.0,8.0
1000,106,217,12.0,280,100.0,11.0,17.0,7.0,33.0,0.0,35.0,12.0,140.0,6.0,38,13.0,0,0.0,33.0,8.0,10.0,0.0,25.0,2.0
1000,106,218,16.0,340,110.0,13.0,19.0,7.0,37.0,0.0,40.0,13.0,170.0,7.0,46,15.0,1,2.0,41.0,9.0,10.0,0.0,30.0,2.0
1000,106,219,22.0,460,150.0,16.0,25.0,10.0,48.0,0.5,50.0,17.0,250.0,10.0,65,22.0,1,3.0,59.0,13.0,15.0,0.0,40.0,4.0
1000,106,220,12.0,230,45.0,5.0,8.0,3.0,16.0,0.0,20.0,7.0,140.0,6.0,38,13.0,0,0.0,33.0,8.0,10.0,0.0,25.0,2.0
1000,106,221,16.0,270,45.0,5.0,8.0,3.0,16.0,0.0,20.0,7.0,170.0,7.0,47,16.0,1,2.0,41.0,10.0,15.0,0.0,30.0,2.0
1000,106,222,22.0,370,50.0,6.0,8.0,3.5,17.0,0.0,25.0,8.0,250.0,10.0,65,22.0,1,3.0,59.0,14.0,20.0,0.0,45.0,4.0
1000,106,223,12.0,450,160.0,18.0,28.0,12.0,59.0,1.0,65.0,21.0,125.0,5.0,65,22.0,1,3.0,57.0,7.0,15.0,0.0,20.0,4.0
1000,106,224,16.0,550,200.0,22.0,34.0,14.0,71.0,1.0,75.0,25.0,160.0,7.0,80,27.0,1,4.0,71.0,9.0,15.0,0.0,25.0,4.0
1000,106,225,22.0,670,240.0,26.0,41.0,17.0,85.0,1.0,90.0,30.0,190.0,8.0,98,33.0,1,4.0,88.0,11.0,20.0,0.0,35.0,4.0
1000,106,226,12.0,450,170.0,19.0,29.0,12.0,60.0,1.0,65.0,22.0,125.0,5.0,64,21.0,0,0.0,57.0,7.0,15.0,0.0,25.0,2.0
1000,106,227,16.0,550,200.0,23.0,35.0,15.0,73.0,1.0,80.0,27.0,160.0,7.0,79,26.0,0,0.0,71.0,9.0,20.0,0.0,30.0,2.0
1000,106,228,22.0,670,250.0,27.0,42.0,17.0,87.0,1.5,95.0,32.0,190.0,8.0,96,32.0,0,0.0,88.0,11.0,20.0,0.0,35.0,2.0
1000,106,229,12.0,530,200.0,23.0,35.0,14.0,72.0,1.0,65.0,22.0,135.0,6.0,76,25.0,1,5.0,67.0,8.0,15.0,0.0,25.0,4.0
1000,106,230,16.0,630,240.0,26.0,41.0,17.0,85.0,1.0,80.0,26.0,160.0,7.0,91,30.0,1,5.0,81.0,9.0,15.0,0.0,30.0,4.0
1000,106,231,22.0,760,280.0,31.0,48.0,20.0,101.0,1.5,95.0,32.0,200.0,8.0,111,37.0,1,5.0,99.0,12.0,20.0,0.0,35.0,6.0
1000,106,232,12.0,220,5.0,0.5,1.0,0.0,0.0,0.0,5.0,1.0,40.0,2.0,50,17.0,3,12.0,44.0,2.0,0.0,2.0,6.0,2.0
1000,106,233,16.0,260,5.0,1.0,1.0,0.0,0.0,0.0,5.0,1.0,50.0,2.0,62,21.0,4,15.0,54.0,3.0,0.0,4.0,8.0,2.0
1000,106,234,22.0,340,10.0,1.0,2.0,0.5,3.0,0.0,5.0,2.0,65.0,3.0,79,26.0,5,19.0,70.0,4.0,0.0,4.0,10.0,2.0
1000,106,235,12.0,210,5.0,0.5,1.0,0.0,0.0,0.0,5.0,1.0,50.0,2.0,47,16.0,3,10.0,44.0,3.0,0.0,30.0,8.0,2.0
1000,106,236,16.0,250,5.0,1.0,1.0,0.0,0.0,0.0,5.0,1.0,60.0,2.0,58,19.0,3,13.0,54.0,4.0,0.0,35.0,8.0,4.0
1000,106,237,22.0,330,10.0,1.0,2.0,0.5,3.0,0.0,5.0,2.0,80.0,3.0,74,25.0,4,16.0,70.0,5.0,0.0,45.0,10.0,4.0
1000,106,238,12.0,210,5.0,0.5,1.0,0.0,0.0,0.0,5.0,1.0,40.0,2.0,50,17.0,1,4.0,46.0,2.0,30.0,20.0,8.0,2.0
1000,106,239,16.0,260,10.0,1.0,1.0,0.0,0.0,0.0,5.0,1.0,45.0,2.0,61,20.0,1,5.0,56.0,3.0,40.0,25.0,8.0,2.0
1000,106,240,22.0,340,10.0,1.0,2.0,0.5,3.0,0.0,5.0,2.0,60.0,3.0,78,26.0,2,6.0,72.0,4.0,50.0,30.0,10.0,2.0
1000,106,241,12.0,530,140.0,15.0,24.0,10.0,49.0,1.0,60.0,20.0,160.0,7.0,86,29.0,0,0.0,63.0,11.0,20.0,0.0,40.0,0.0
1000,106,242,16.0,660,170.0,19.0,29.0,12.0,61.0,1.0,75.0,24.0,200.0,9.0,109,36.0,0,0.0,81.0,14.0,25.0,0.0,50.0,0.0
1000,106,243,22.0,820,210.0,23.0,35.0,15.0,73.0,1.0,90.0,29.0,260.0,11.0,135,45.0,0,0.0,101.0,18.0,30.0,0.0,60.0,0.0
1000,106,244,12.0,550,150.0,16.0,25.0,10.0,52.0,1.0,60.0,21.0,160.0,7.0,90,30.0,0,0.0,79.0,12.0,20.0,0.0,40.0,0.0
1000,106,245,16.0,690,180.0,20.0,30.0,13.0,63.0,1.0,75.0,25.0,210.0,9.0,114,38.0,0,0.0,100.0,15.0,25.0,0.0,50.0,0.0
1000,106,246,22.0,850,210.0,24.0,36.0,15.0,75.0,1.0,90.0,30.0,260.0,11.0,140,47.0,0,0.0,123.0,18.0,30.0,0.0,70.0,0.0
1000,106,247,12.0,560,150.0,16.0,25.0,10.0,51.0,1.0,60.0,20.0,240.0,10.0,91,30.0,1,5.0,77.0,12.0,20.0,0.0,40.0,8.0
1000,106,248,16.0,700,180.0,20.0,30.0,12.0,62.0,1.0,75.0,24.0,300.0,13.0,114,38.0,2,6.0,97.0,15.0,25.0,0.0,50.0,10.0
1000,106,249,22.0,850,210.0,23.0,36.0,15.0,74.0,1.0,85.0,29.0,380.0,16.0,141,47.0,2,8.0,120.0,19.0,30.0,0.0,60.0,15.0
1000,106,250,16.0,660,170.0,19.0,29.0,12.0,61.0,1.0,75.0,24.0,210.0,9.0,109,36.0,0,0.0,93.0,14.0,25.0,0.0,50.0,0.0
1000,106,251,22.0,820,210.0,23.0,35.0,15.0,73.0,1.0,90.0,29.0,260.0,11.0,135,45.0,0,0.0,115.0,18.0,30.0,0.0,60.0,0.0
1000,106,252,10.9,650,210.0,23.0,35.0,14.0,72.0,0.5,50.0,17.0,180.0,7.0,96,32.0,1,6.0,89.0,13.0,15.0,0.0,45.0,8.0
1000,106,253,16.2,930,290.0,33.0,50.0,20.0,102.0,1.0,75.0,25.0,260.0,11.0,139,46.0,2,7.0,128.0,20.0,25.0,0.0,70.0,10.0
1000,106,254,7.3,430,140.0,15.0,24.0,10.0,48.0,0.0,35.0,11.0,120.0,5.0,64,21.0,1,4.0,59.0,9.0,10.0,0.0,30.0,4.0
1000,106,255,10.1,510,150.0,17.0,26.0,9.0,44.0,0.5,45.0,14.0,280.0,12.0,80,27.0,1,4.0,64.0,12.0,15.0,0.0,40.0,8.0
1000,106,256,13.4,690,200.0,23.0,35.0,12.0,58.0,1.0,55.0,19.0,380.0,16.0,106,35.0,1,5.0,85.0,15.0,20.0,0.0,50.0,10.0
1000,106,257,6.7,340,100.0,11.0,17.0,6.0,29.0,0.0,30.0,9.0,190.0,8.0,53,18.0,1,2.0,43.0,8.0,10.0,0.0,25.0,6.0
1000,106,258,14.2,810,290.0,32.0,50.0,15.0,76.0,1.0,60.0,20.0,400.0,17.0,114,38.0,2,9.0,103.0,21.0,20.0,0.0,60.0,6.0
1000,106,259,7.1,410,150.0,16.0,25.0,8.0,38.0,0.0,30.0,10.0,200.0,8.0,57,19.0,1,5.0,51.0,10.0,10.0,0.0,30.0,4.0
2000,101,260,7.336992,580,nan,31.0,nan,10.0,nan,0.0,60.0,nan,1260.0,nan,54,nan,3,nan,18.0,21.0,8.0,4.0,4.0,20.0
2000,101,261,7.725006,260,nan,4.0,nan,1.5,nan,0.0,30.0,nan,720.0,nan,42,nan,5,nan,8.0,18.0,30.0,15.0,4.0,15.0
2000,102,262,10.017816,530,nan,26.0,nan,10.0,nan,0.5,100.0,nan,1100.0,nan,41,nan,3,nan,6.0,36.0,40.0,25.0,20.0,20.0
2000,102,263,8.254116,330,nan,7.0,nan,1.5,nan,0.0,50.0,nan,840.0,nan,43,nan,3,nan,9.0,24.0,15.0,20.0,2.0,25.0
2000,102,264,7.23117,290,nan,5.0,nan,1.0,nan,0.0,50.0,nan,720.0,nan,39,nan,2,nan,6.0,23.0,10.0,10.0,0.0,25.0
2000,102,265,8.254116,340,nan,9.0,nan,1.0,nan,0.0,50.0,nan,880.0,nan,42,nan,3,nan,7.0,24.0,10.0,15.0,0.0,25.0
2000,102,266,7.866102,450,nan,25.0,nan,4.5,nan,0.0,40.0,nan,610.0,nan,38,nan,2,nan,5.0,19.0,15.0,15.0,0.0,20.0
2000,101,267,7.513362,320,nan,12.0,nan,3.5,nan,0.0,45.0,nan,1060.0,nan,40,nan,2,nan,5.0,16.0,15.0,15.0,6.0,20.0
2000,101,268,7.336992,430,nan,23.0,nan,8.0,nan,0.0,60.0,nan,1180.0,nan,40,nan,2,nan,5.0,18.0,15.0,25.0,4.0,20.0
2000,101,269,7.513362,380,nan,17.0,nan,6.0,nan,0.0,50.0,nan,1100.0,nan,40,nan,3,nan,5.0,19.0,15.0,20.0,4.0,20.0
2000,101,270,7.23117,420,nan,18.0,nan,7.0,nan,1.0,40.0,nan,1040.0,nan,47,nan,4,nan,7.0,19.0,10.0,10.0,6.0,20.0
2000,101,271,2.186988,150,nan,4.5,nan,2.0,nan,0.0,20.0,nan,470.0,nan,18,nan,1,nan,1.0,8.0,2.0,0.0,4.0,6.0
2000,101,272,2.257536,230,nan,14.0,nan,5.0,nan,0.0,30.0,nan,690.0,nan,18,nan,1,nan,2.0,8.0,2.0,6.0,4.0,8.0
2000,101,273,2.257536,170,nan,7.0,nan,2.0,nan,0.0,15.0,nan,430.0,nan,19,nan,1,nan,2.0,7.0,2.0,4.0,2.0,6.0
2000,102,274,2.504454,200,nan,10.0,nan,2.5,nan,0.0,25.0,nan,490.0,nan,18,nan,1,nan,1.0,9.0,8.0,0.0,4.0,6.0
2000,102,275,10.300008,550,nan,27.0,nan,9.0,nan,0.0,95.0,nan,1230.0,nan,43,nan,5,nan,7.0,34.0,25.0,25.0,20.0,20.0
2000,101,276,7.93665,490,nan,25.0,nan,7.0,nan,0.0,70.0,nan,1330.0,nan,40,nan,2,nan,6.0,27.0,15.0,10.0,6.0,20.0
2000,101,277,7.619184,600,nan,35.0,nan,14.0,nan,1.0,80.0,nan,1330.0,nan,42,nan,3,nan,6.0,31.0,30.0,8.0,20.0,20.0
2000,102,278,8.218842,260,nan,3.5,nan,1.0,nan,0.0,45.0,nan,520.0,nan,40,nan,5,nan,7.0,23.0,30.0,20.0,4.0,15.0
2000,107,279,9.241788,570,nan,30.0,nan,16.0,nan,0.5,70.0,nan,720.0,nan,48,nan,3,nan,7.0,29.0,25.0,20.0,4.0,40.0
2000,101,280,8.218842,280,nan,4.5,nan,1.5,nan,0.0,45.0,nan,630.0,nan,40,nan,6,nan,7.0,25.0,30.0,15.0,2.0,20.0
2000,102,281,8.712678,310,nan,6.0,nan,2.5,nan,0.0,55.0,nan,520.0,nan,40,nan,5,nan,7.0,28.0,30.0,15.0,2.0,15.0
2000,101,282,7.336992,450,nan,24.0,nan,9.0,nan,0.0,60.0,nan,1240.0,nan,40,nan,3,nan,5.0,18.0,15.0,25.0,4.0,20.0
2000,101,283,5.679114,340,nan,10.0,nan,4.5,nan,0.0,50.0,nan,1060.0,nan,39,nan,2,nan,5.0,22.0,6.0,8.0,6.0,20.0
2000,102,284,8.46576,280,nan,4.0,nan,1.0,nan,0.0,45.0,nan,780.0,nan,41,nan,5,nan,7.0,25.0,30.0,15.0,4.0,20.0
2000,102,285,9.34761,320,nan,4.0,nan,1.0,nan,0.0,50.0,nan,720.0,nan,52,nan,5,nan,16.0,25.0,30.0,20.0,4.0,15.0
2000,102,286,18.025014,780,nan,27.0,nan,6.0,nan,0.0,90.0,nan,2200.0,nan,87,nan,9,nan,11.0,49.0,30.0,45.0,10.0,35.0
2000,102,287,7.725006,250,nan,3.0,nan,0.5,nan,0.0,30.0,nan,690.0,nan,41,nan,5,nan,6.0,20.0,30.0,15.0,4.0,15.0
2000,101,288,9.559254,720,nan,45.0,nan,19.0,nan,1.5,80.0,nan,1520.0,nan,51,nan,6,nan,8.0,30.0,45.0,10.0,30.0,25.0
2000,101,289,6.70206,730,nan,52.0,nan,21.0,nan,1.0,105.0,nan,1720.0,nan,40,nan,3,nan,3.0,28.0,30.0,15.0,25.0,20.0
2000,107,290,5.714388,190,nan,2.0,nan,0.5,nan,0.0,0.0,nan,240.0,nan,39,nan,5,nan,6.0,9.0,30.0,15.0,2.0,15.0
2000,103,291,13.897956,440,nan,30.0,nan,10.0,nan,0.0,60.0,nan,910.0,nan,28,nan,5,nan,20.0,17.0,70.0,40.0,8.0,15.0
2000,103,292,12.134256,120,nan,3.0,nan,1.0,nan,0.0,30.0,nan,550.0,nan,12,nan,4,nan,6.0,13.0,70.0,35.0,6.0,10.0
2000,103,293,15.16782,460,nan,33.0,nan,11.0,nan,0.5,105.0,nan,1000.0,nan,13,nan,4,nan,7.0,32.0,80.0,45.0,20.0,15.0
2000,103,294,12.416447999999999,180,nan,11.0,nan,3.5,nan,0.0,45.0,nan,830.0,nan,12,nan,4,nan,5.0,12.0,70.0,35.0,8.0,15.0
2000,103,295,12.416447999999999,240,nan,15.0,nan,6.0,nan,0.0,50.0,nan,870.0,nan,12,nan,4,nan,5.0,14.0,70.0,45.0,6.0,15.0
2000,103,296,15.061997999999999,290,nan,16.0,nan,6.0,nan,1.0,40.0,nan,780.0,nan,22,nan,7,nan,9.0,15.0,80.0,45.0,10.0,20.0
2000,103,297,12.663366,120,nan,2.5,nan,0.5,nan,0.0,45.0,nan,350.0,nan,10,nan,4,nan,5.0,17.0,70.0,35.0,6.0,8.0
2000,103,298,12.663366,140,nan,3.5,nan,1.0,nan,0.0,45.0,nan,460.0,nan,10,nan,4,nan,5.0,19.0,70.0,35.0,4.0,20.0
2000,103,299,13.157202,170,nan,5.0,nan,2.0,nan,0.0,55.0,nan,360.0,nan,10,nan,4,nan,5.0,23.0,70.0,35.0,4.0,10.0
2000,103,300,25.996938,780,nan,53.0,nan,15.0,nan,1.0,180.0,nan,1750.0,nan,25,nan,11,nan,11.0,54.0,80.0,70.0,30.0,20.0
2000,103,301,12.240078,300,nan,23.0,nan,8.0,nan,0.0,60.0,nan,1000.0,nan,12,nan,4,nan,5.0,14.0,70.0,50.0,6.0,15.0
2000,103,302,13.05138,200,nan,9.0,nan,4.5,nan,0.0,50.0,nan,830.0,nan,13,nan,4,nan,7.0,19.0,70.0,35.0,10.0,15.0
2000,103,303,21.51714,480,nan,26.0,nan,10.0,nan,0.5,120.0,nan,2050.0,nan,21,nan,6,nan,9.0,44.0,110.0,60.0,20.0,25.0
2000,103,304,12.910284,140,nan,3.0,nan,1.0,nan,0.0,45.0,nan,610.0,nan,11,nan,4,nan,5.0,19.0,70.0,35.0,6.0,15.0
2000,103,305,14.427066,210,nan,3.0,nan,0.5,nan,0.0,50.0,nan,620.0,nan,30,nan,4,nan,21.0,19.0,70.0,40.0,6.0,15.0
2000,103,306,12.769188,310,nan,24.0,nan,4.0,nan,0.0,40.0,nan,370.0,nan,10,nan,4,nan,5.0,15.0,70.0,35.0,4.0,15.0
2000,103,307,12.134256,110,nan,2.0,nan,0.0,nan,0.0,30.0,nan,520.0,nan,11,nan,4,nan,5.0,14.0,70.0,35.0,6.0,10.0
2000,103,308,10.158912,50,nan,1.0,nan,0.0,nan,0.0,0.0,nan,75.0,nan,9,nan,4,nan,5.0,3.0,70.0,35.0,4.0,8.0
2000,100,309,6.984252,450,nan,20.0,nan,7.0,nan,0.0,190.0,nan,1200.0,nan,45,nan,4,nan,4.0,24.0,20.0,6.0,10.0,15.0
2000,100,310,7.478088,410,nan,16.0,nan,5.0,nan,0.0,185.0,nan,1180.0,nan,45,nan,4,nan,4.0,24.0,20.0,0.0,10.0,15.0
2000,100,311,6.455142,380,nan,15.0,nan,4.5,nan,0.0,170.0,nan,950.0,nan,44,nan,4,nan,3.0,19.0,20.0,0.0,10.0,15.0
2000,100,312,7.971924,440,nan,18.0,nan,6.0,nan,0.0,195.0,nan,1270.0,nan,46,nan,4,nan,4.0,27.0,20.0,0.0,10.0,20.0
2000,108,313,0.52911,70,nan,6.0,nan,2.0,nan,0.0,15.0,nan,250.0,nan,1,nan,0,nan,1.0,5.0,0.0,6.0,0.0,0.0
2000,105,314,1.798974,210,nan,6.0,nan,3.0,nan,0.0,10.0,nan,65.0,nan,37,nan,0,nan,26.0,2.0,0.0,0.0,0.0,6.0
2000,105,315,1.58733,210,nan,10.0,nan,5.0,nan,0.0,10.0,nan,120.0,nan,29,nan,1,nan,18.0,2.0,10.0,0.0,0.0,10.0
2000,105,316,1.58733,210,nan,10.0,nan,5.0,nan,0.0,15.0,nan,100.0,nan,30,nan,1,nan,18.0,2.0,0.0,0.0,0.0,6.0
2000,105,317,1.58733,210,nan,10.0,nan,5.0,nan,0.0,10.0,nan,100.0,nan,30,nan,1,nan,17.0,2.0,0.0,0.0,0.0,8.0
2000,105,318,1.657878,200,nan,8.0,nan,4.0,nan,0.0,0.0,nan,100.0,nan,33,nan,1,nan,24.0,2.0,10.0,0.0,0.0,8.0
2000,105,319,1.58733,210,nan,9.0,nan,5.0,nan,0.0,15.0,nan,130.0,nan,30,nan,1,nan,20.0,2.0,10.0,0.0,0.0,10.0
2000,105,320,1.58733,200,nan,8.0,nan,3.5,nan,0.0,15.0,nan,130.0,nan,30,nan,1,nan,16.0,3.0,0.0,0.0,0.0,6.0
2000,108,321,0.634932,80,nan,7.0,nan,2.5,nan,0.0,20.0,nan,300.0,nan,1,nan,0,nan,0.0,3.0,0.0,4.0,0.0,0.0
2000,105,322,1.58733,200,nan,9.0,nan,4.5,nan,0.0,15.0,nan,120.0,nan,29,nan,0,nan,16.0,2.0,10.0,0.0,0.0,4.0
2000,105,323,1.657878,230,nan,11.0,nan,6.0,nan,0.0,10.0,nan,100.0,nan,31,nan,0,nan,20.0,2.0,0.0,0.0,0.0,4.0
2000,105,324,1.58733,230,nan,12.0,nan,6.0,nan,0.0,15.0,nan,130.0,nan,28,nan,1,nan,14.0,2.0,0.0,0.0,0.0,4.0
2000,105,325,1.58733,220,nan,11.0,nan,5.0,nan,0.0,15.0,nan,130.0,nan,28,nan,1,nan,17.0,2.0,10.0,0.0,0.0,6.0
2000,101,326,12.381174,1080,nan,65.0,nan,23.0,nan,0.0,115.0,nan,2560.0,nan,86,nan,5,nan,32.0,38.0,10.0,8.0,15.0,30.0
2000,101,327,10.829118,440,nan,12.0,nan,5.0,nan,0.0,55.0,nan,1680.0,nan,57,nan,4,nan,5.0,29.0,30.0,25.0,10.0,25.0
2000,102,328,27.266802,1590,nan,78.0,nan,30.0,nan,1.5,335.0,nan,3930.0,nan,111,nan,7,nan,11.0,118.0,50.0,90.0,50.0,50.0
2000,101,329,13.439394,710,nan,33.0,nan,12.0,nan,1.0,95.0,nan,2170.0,nan,63,nan,7,nan,7.0,41.0,20.0,30.0,20.0,30.0
2000,101,330,11.076036,560,nan,27.0,nan,10.0,nan,0.5,90.0,nan,2230.0,nan,57,nan,3,nan,4.0,27.0,15.0,30.0,15.0,30.0
2000,107,331,13.22775,820,nan,35.0,nan,8.0,nan,0.0,5.0,nan,2440.0,nan,114,nan,7,nan,5.0,15.0,30.0,70.0,15.0,45.0
2000,101,332,11.076036,680,nan,37.0,nan,14.0,nan,0.0,105.0,nan,2310.0,nan,57,nan,4,nan,4.0,32.0,15.0,40.0,10.0,25.0
2000,101,333,13.439394,770,nan,39.0,nan,16.0,nan,2.0,75.0,nan,2160.0,nan,75,nan,8,nan,10.0,34.0,20.0,35.0,20.0,35.0
2000,107,334,12.733914,790,nan,31.0,nan,7.0,nan,0.0,5.0,nan,2540.0,nan,113,nan,7,nan,4.0,15.0,6.0,60.0,15.0,40.0
2000,102,335,11.81679,460,nan,11.0,nan,4.0,nan,0.0,85.0,nan,1350.0,nan,53,nan,3,nan,4.0,38.0,30.0,20.0,10.0,20.0
2000,101,336,11.81679,490,nan,13.0,nan,5.0,nan,0.0,90.0,nan,1560.0,nan,53,nan,4,nan,4.0,42.0,30.0,15.0,10.0,35.0
2000,102,337,12.839736,550,nan,16.0,nan,7.0,nan,0.0,115.0,nan,1350.0,nan,53,nan,3,nan,3.0,49.0,30.0,15.0,10.0,25.0
2000,102,338,12.628092,680,nan,30.0,nan,12.0,nan,0.0,135.0,nan,1590.0,nan,52,nan,3,nan,3.0,53.0,20.0,6.0,20.0,25.0
2000,101,339,10.970214,820,nan,52.0,nan,20.0,nan,1.0,125.0,nan,2580.0,nan,57,nan,4,nan,3.0,31.0,30.0,60.0,15.0,30.0
2000,101,340,12.310626,490,nan,12.0,nan,5.0,nan,0.0,85.0,nan,1860.0,nan,56,nan,4,nan,4.0,42.0,30.0,15.0,10.0,30.0
2000,102,341,13.439394,540,nan,12.0,nan,4.5,nan,0.0,100.0,nan,1600.0,nan,70,nan,4,nan,14.0,42.0,30.0,35.0,10.0,25.0
2000,102,342,11.81679,820,nan,54.0,nan,11.0,nan,0.5,75.0,nan,1330.0,nan,53,nan,3,nan,3.0,33.0,15.0,25.0,10.0,30.0
2000,102,343,10.829118,430,nan,10.0,nan,3.5,nan,0.0,55.0,nan,1680.0,nan,56,nan,3,nan,3.0,32.0,30.0,15.0,10.0,25.0
2000,102,344,13.086654,760,nan,37.0,nan,11.0,nan,0.0,105.0,nan,2480.0,nan,61,nan,6,nan,4.0,47.0,15.0,35.0,25.0,25.0
2000,107,345,10.05309,330,nan,8.0,nan,3.5,nan,0.0,0.0,nan,800.0,nan,55,nan,5,nan,5.0,10.0,60.0,30.0,10.0,20.0
2000,108,346,2.64555,210,nan,2.5,nan,0.0,nan,0.0,0.0,nan,1230.0,nan,41,nan,2,nan,4.0,7.0,8.0,40.0,2.0,15.0
2000,108,347,2.64555,190,nan,2.0,nan,0.0,nan,0.0,0.0,nan,270.0,nan,39,nan,4,nan,5.0,8.0,0.0,0.0,0.0,10.0
2000,108,348,2.504454,180,nan,1.5,nan,0.0,nan,0.0,0.0,nan,230.0,nan,36,nan,4,nan,5.0,8.0,0.0,0.0,0.0,10.0
2000,108,349,3.068838,220,nan,4.0,nan,0.5,nan,0.0,0.0,nan,330.0,nan,41,nan,4,nan,3.0,8.0,0.0,0.0,0.0,10.0
2000,108,350,2.64555,210,nan,2.5,nan,0.5,nan,0.0,0.0,nan,340.0,nan,40,nan,2,nan,3.0,7.0,0.0,0.0,0.0,15.0
2000,108,351,2.29281,180,nan,2.0,nan,0.0,nan,0.0,0.0,nan,310.0,nan,34,nan,1,nan,3.0,6.0,0.0,0.0,0.0,10.0
2000,108,352,2.680824,220,nan,4.5,nan,2.0,nan,0.0,10.0,nan,500.0,nan,37,nan,2,nan,3.0,9.0,4.0,0.0,6.0,15.0
2000,108,353,2.786646,220,nan,5.0,nan,2.0,nan,0.0,10.0,nan,660.0,nan,37,nan,2,nan,3.0,9.0,4.0,0.0,6.0,15.0
2000,108,354,1.657878,120,nan,1.0,nan,0.0,nan,0.0,0.0,nan,180.0,nan,24,nan,3,nan,2.0,5.0,0.0,0.0,0.0,8.0
2000,108,355,1.657878,130,nan,1.5,nan,0.0,nan,0.0,0.0,nan,230.0,nan,25,nan,1,nan,2.0,5.0,0.0,0.0,0.0,8.0
2000,108,356,2.64555,220,nan,5.0,nan,2.5,nan,0.0,10.0,nan,370.0,nan,34,nan,1,nan,3.0,9.0,4.0,0.0,6.0,10.0
2000,108,357,2.398632,190,nan,2.5,nan,0.0,nan,0.0,0.0,nan,460.0,nan,37,nan,2,nan,3.0,7.0,0.0,0.0,0.0,15.0
2000,108,358,2.64555,220,nan,3.0,nan,0.5,nan,0.0,0.0,nan,490.0,nan,40,nan,2,nan,3.0,7.0,0.0,0.0,0.0,15.0
2000,108,359,3.597948,290,nan,8.0,nan,3.5,nan,0.0,0.0,nan,780.0,nan,48,nan,2,nan,1.0,8.0,0.0,0.0,10.0,15.0
2000,108,360,3.597948,290,nan,8.0,nan,3.5,nan,0.0,0.0,nan,730.0,nan,49,nan,2,nan,1.0,8.0,0.0,10.0,8.0,15.0
2000,108,361,0.38801399999999997,40,nan,3.5,nan,2.0,nan,0.0,10.0,nan,210.0,nan,1,nan,0,nan,0.0,2.0,4.0,0.0,4.0,0.0
2000,108,362,0.493836,60,nan,4.5,nan,2.5,nan,0.0,15.0,nan,90.0,nan,0,nan,0,nan,0.0,4.0,6.0,0.0,8.0,0.0
2000,108,363,0.493836,50,nan,4.5,nan,3.0,nan,0.0,15.0,nan,90.0,nan,0,nan,0,nan,0.0,3.0,6.0,0.0,8.0,0.0
2000,108,364,0.38801399999999997,50,nan,4.0,nan,2.5,nan,0.0,15.0,nan,140.0,nan,0,nan,0,nan,0.0,2.0,6.0,0.0,8.0,0.0
2000,108,365,0.493836,50,nan,4.0,nan,2.0,nan,0.0,10.0,nan,125.0,nan,0,nan,0,nan,0.0,4.0,4.0,0.0,8.0,0.0
2000,108,366,0.493836,40,nan,3.0,nan,2.0,nan,0.0,10.0,nan,100.0,nan,0,nan,0,nan,0.0,3.0,4.0,0.0,6.0,0.0
2000,108,367,0.493836,50,nan,4.5,nan,2.5,nan,0.0,15.0,nan,30.0,nan,0,nan,0,nan,0.0,4.0,4.0,0.0,10.0,0.0
2000,108,368,0.52911,70,nan,6.0,nan,2.0,nan,0.0,15.0,nan,250.0,nan,1,nan,0,nan,1.0,5.0,0.0,0.0,0.0,0.0
2000,108,369,1.23459,60,nan,5.0,nan,0.5,nan,0.0,0.0,nan,95.0,nan,4,nan,2,nan,0.0,1.0,0.0,2.0,0.0,0.0
2000,108,370,0.634932,80,nan,7.0,nan,2.5,nan,0.0,20.0,nan,290.0,nan,1,nan,0,nan,0.0,3.0,0.0,4.0,0.0,0.0
2000,108,371,0.493836,60,nan,7.0,nan,1.0,nan,0.0,5.0,nan,110.0,nan,1,nan,0,nan,1.0,0.0,0.0,0.0,0.0,0.0
2000,108,372,0.493836,20,nan,0.0,nan,0.0,nan,0.0,0.0,nan,80.0,nan,4,nan,0,nan,4.0,0.0,0.0,0.0,0.0,0.0
2000,108,373,0.52911,50,nan,5.0,nan,1.0,nan,0.0,5.0,nan,100.0,nan,1,nan,0,nan,0.0,0.0,0.0,0.0,0.0,0.0
2000,108,374,0.17637,45,nan,5.0,nan,1.0,nan,0.0,0.0,nan,0.0,nan,0,nan,0,nan,0.0,0.0,0.0,0.0,0.0,0.0
2000,108,375,0.493836,70,nan,8.0,nan,1.5,nan,0.0,5.0,nan,140.0,nan,1,nan,0,nan,1.0,0.0,0.0,0.0,0.0,0.0
2000,108,376,0.141096,0,nan,0.0,nan,0.0,nan,0.0,0.0,nan,0.0,nan,0,nan,0,nan,0.0,0.0,0.0,0.0,0.0,0.0
2000,108,377,0.493836,100,nan,11.0,nan,2.0,nan,0.0,10.0,nan,65.0,nan,0,nan,0,nan,0.0,0.0,0.0,0.0,0.0,0.0
2000,108,378,0.493836,80,nan,9.0,nan,1.5,nan,0.0,5.0,nan,130.0,nan,0,nan,0,nan,0.0,0.0,0.0,0.0,0.0,0.0
2000,108,379,0.493836,15,nan,1.0,nan,0.0,nan,0.0,0.0,nan,260.0,nan,1,nan,0,nan,0.0,0.0,0.0,0.0,0.0,25.0
2000,108,380,0.493836,35,nan,3.5,nan,0.5,nan,0.0,0.0,nan,110.0,nan,1,nan,0,nan,1.0,0.0,0.0,0.0,0.0,0.0
2000,108,381,0.634932,30,nan,0.0,nan,0.0,nan,0.0,0.0,nan,75.0,nan,8,nan,0,nan,7.0,0.0,0.0,0.0,0.0,0.0
2000,108,382,0.493836,10,nan,0.5,nan,0.0,nan,0.0,0.0,nan,170.0,nan,1,nan,0,nan,0.0,0.0,0.0,0.0,0.0,0.0
2000,108,383,0.141096,0,nan,0.0,nan,0.0,nan,0.0,0.0,nan,65.0,nan,0,nan,0,nan,0.0,0.0,0.0,6.0,0.0,0.0
2000,108,384,0.105822,0,nan,0.0,nan,0.0,nan,0.0,0.0,nan,25.0,nan,0,nan,0,nan,0.0,0.0,0.0,0.0,0.0,0.0
2000,108,385,0.493836,0,nan,0.0,nan,0.0,nan,0.0,0.0,nan,0.0,nan,1,nan,0,nan,0.0,0.0,0.0,0.0,0.0,0.0
2000,108,386,0.246918,0,nan,0.0,nan,0.0,nan,0.0,0.0,nan,0.0,nan,0,nan,0,nan,0.0,0.0,0.0,6.0,0.0,0.0
2000,108,387,0.141096,0,nan,0.0,nan,0.0,nan,0.0,0.0,nan,70.0,nan,0,nan,0,nan,0.0,0.0,0.0,0.0,0.0,0.0
2000,108,388,0.740754,0,nan,0.0,nan,0.0,nan,0.0,0.0,nan,0.0,nan,0,nan,0,nan,0.0,0.0,2.0,0.0,0.0,0.0
2000,108,389,0.317466,0,nan,0.0,nan,0.0,nan,0.0,0.0,nan,115.0,nan,0,nan,0,nan,0.0,0.0,0.0,0.0,0.0,0.0
2000,108,390,0.246918,0,nan,0.0,nan,0.0,nan,0.0,0.0,nan,0.0,nan,1,nan,0,nan,0.0,0.0,0.0,0.0,0.0,0.0
2000,108,391,0.246918,0,nan,0.0,nan,0.0,nan,0.0,0.0,nan,5.0,nan,0,nan,0,nan,0.0,0.0,15.0,2.0,0.0,0.0
2000,108,392,1.23459,5,nan,0.0,nan,0.0,nan,0.0,0.0,nan,0.0,nan,1,nan,0,nan,1.0,0.0,10.0,4.0,0.0,0.0
2000,108,393,0.52911,70,nan,6.0,nan,2.0,nan,0.0,15.0,nan,250.0,nan,1,nan,0,nan,1.0,5.0,0.0,6.0,0.0,0.0
2000,108,394,0.035274,5,nan,0.0,nan,0.0,nan,0.0,0.0,nan,25.0,nan,0,nan,0,nan,0.0,1.0,0.0,0.0,0.0,0.0
3000,106,395,nan,3,nan,0.1,nan,0.0,nan,0.0,0.0,nan,0.0,nan,5,nan,0,nan,0.0,0.3,0.0,0.0,0.0,0.0
3000,106,396,nan,4,nan,0.1,nan,0.0,nan,0.0,0.0,nan,0.0,nan,10,nan,0,nan,0.0,0.5,0.0,0.0,0.0,0.0
3000,106,397,nan,5,nan,0.1,nan,0.0,nan,0.0,0.0,nan,0.0,nan,10,nan,0,nan,0.0,1.0,0.0,0.0,0.0,0.0
3000,106,398,nan,5,nan,0.1,nan,0.0,nan,0.0,0.0,nan,0.0,nan,10,nan,0,nan,0.0,1.0,0.0,0.0,2.0,0.0
3000,106,399,nan,70,nan,0.1,nan,0.0,nan,0.1,10.0,nan,5.0,nan,75,nan,0,nan,9.0,6.0,10.0,0.0,20.0,0.0
3000,106,400,nan,100,nan,3.5,nan,0.1,nan,2.0,10.0,nan,15.0,nan,85,nan,0,nan,9.0,6.0,10.0,0.0,20.0,0.0
3000,106,401,nan,70,nan,2.5,nan,0.0,nan,0.4,6.0,nan,0.0,nan,65,nan,1,nan,4.0,5.0,6.0,0.0,20.0,8.0
3000,106,402,nan,100,nan,0.2,nan,0.0,nan,0.2,15.0,nan,5.0,nan,120,nan,0,nan,14.0,10.0,15.0,0.0,30.0,0.0
3000,106,403,nan,150,nan,6,nan,0.2,nan,3.0,15.0,nan,25.0,nan,135,nan,0,nan,14.0,10.0,15.0,0.0,30.0,0.0
3000,106,404,nan,110,nan,4.5,nan,0.0,nan,0.5,10.0,nan,0.0,nan,105,nan,1,nan,6.0,8.0,10.0,0.0,30.0,15.0
3000,106,405,nan,130,nan,0.3,nan,0.0,nan,0.2,19.0,nan,5.0,nan,150,nan,0,nan,18.0,13.0,20.0,0.0,40.0,0.0
3000,106,406,nan,190,nan,7,nan,0.2,nan,3.5,19.0,nan,30.0,nan,170,nan,0,nan,17.0,12.0,20.0,2.0,40.0,0.0
3000,106,407,nan,150,nan,5,nan,0.0,nan,0.5,13.0,nan,0.0,nan,130,nan,1,nan,8.0,10.0,15.0,0.0,40.0,15.0
3000,106,408,nan,170,nan,0.4,nan,0.0,nan,0.3,25.0,nan,10.0,nan,190,nan,0,nan,23.0,16.0,30.0,0.0,50.0,0.0
3000,106,409,nan,240,nan,9,nan,0.3,nan,4.5,24.0,nan,35.0,nan,220,nan,0,nan,22.0,16.0,25.0,2.0,50.0,0.0
3000,106,410,nan,190,nan,7,nan,0.0,nan,1.0,16.0,nan,0.0,nan,170,nan,2,nan,11.0,13.0,20.0,0.0,50.0,25.0
3000,106,411,nan,110,nan,1.5,nan,0.0,nan,1.0,21.0,nan,5.0,nan,60,nan,1,nan,17.0,7.0,8.0,0.0,15.0,10.0
3000,106,412,nan,130,nan,4,nan,0.1,nan,2.0,21.0,nan,10.0,nan,70,nan,1,nan,17.0,6.0,8.0,0.0,15.0,10.0
3000,106,413,nan,110,nan,3.5,nan,0.0,nan,1.0,19.0,nan,0.0,nan,55,nan,2,nan,13.0,6.0,6.0,0.0,15.0,20.0
3000,106,414,nan,170,nan,2,nan,0.0,nan,1.0,32.0,nan,5.0,nan,100,nan,1,nan,27.0,10.0,15.0,0.0,25.0,20.0
3000,106,415,nan,200,nan,6,nan,0.1,nan,3.5,32.0,nan,20.0,nan,115,nan,1,nan,26.0,10.0,15.0,0.0,25.0,20.0
3000,106,416,nan,180,nan,5,nan,0.0,nan,1.5,28.0,nan,0.0,nan,85,nan,2,nan,20.0,9.0,10.0,0.0,25.0,30.0
3000,106,417,nan,220,nan,2.5,nan,0.0,nan,1.5,43.0,nan,5.0,nan,125,nan,2,nan,34.0,13.0,20.0,0.0,35.0,25.0
3000,106,418,nan,260,nan,8,nan,0.2,nan,4.5,42.0,nan,25.0,nan,140,nan,2,nan,34.0,13.0,15.0,2.0,35.0,25.0
3000,106,419,nan,230,nan,7,nan,0.0,nan,2.0,37.0,nan,0.0,nan,105,nan,3,nan,26.0,11.0,10.0,0.0,35.0,40.0
3000,106,420,nan,280,nan,3,nan,0.0,nan,2.0,54.0,nan,10.0,nan,160,nan,2,nan,44.0,17.0,25.0,0.0,45.0,30.0
3000,106,421,nan,340,nan,11,nan,0.2,nan,6.0,53.0,nan,30.0,nan,180,nan,2,nan,43.0,17.0,20.0,2.0,45.0,30.0
3000,106,422,nan,290,nan,9,nan,0.0,nan,2.5,47.0,nan,0.0,nan,140,nan,4,nan,33.0,14.0,15.0,0.0,45.0,50.0
3000,106,423,nan,100,nan,0.1,nan,0.0,nan,0.1,19.0,nan,5.0,nan,70,nan,0,nan,18.0,6.0,10.0,0.0,20.0,0.0
3000,106,424,nan,130,nan,3.5,nan,0.1,nan,1.5,18.0,nan,15.0,nan,80,nan,0,nan,17.0,6.0,10.0,0.0,20.0,0.0
3000,106,425,nan,110,nan,2.5,nan,0.0,nan,0.3,16.0,nan,0.0,nan,60,nan,1,nan,13.0,5.0,6.0,0.0,20.0,8.0
3000,106,426,nan,150,nan,0.2,nan,0.0,nan,0.1,28.0,nan,5.0,nan,110,nan,0,nan,27.0,9.0,15.0,0.0,30.0,0.0
3000,106,427,nan,200,nan,5,nan,0.2,nan,2.5,28.0,nan,20.0,nan,125,nan,0,nan,27.0,9.0,15.0,0.0,30.0,0.0
3000,106,428,nan,160,nan,4,nan,0.0,nan,0.5,23.0,nan,0.0,nan,95,nan,1,nan,20.0,7.0,10.0,0.0,30.0,15.0
3000,106,429,nan,200,nan,0.3,nan,0.0,nan,0.2,37.0,nan,5.0,nan,140,nan,0,nan,35.0,12.0,20.0,0.0,35.0,0.0
3000,106,430,nan,250,nan,6,nan,0.2,nan,3.5,37.0,nan,25.0,nan,150,nan,0,nan,35.0,12.0,20.0,2.0,35.0,0.0
3000,106,431,nan,210,nan,5,nan,0.0,nan,0.5,31.0,nan,0.0,nan,120,nan,1,nan,26.0,9.0,10.0,0.0,35.0,15.0
3000,106,432,nan,250,nan,0.3,nan,0.0,nan,0.2,47.0,nan,10.0,nan,180,nan,0,nan,45.0,15.0,25.0,0.0,50.0,0.0
3000,106,433,nan,320,nan,9,nan,0.3,nan,4.5,46.0,nan,35.0,nan,200,nan,0,nan,44.0,15.0,25.0,2.0,45.0,0.0
3000,106,434,nan,270,nan,7,nan,0.0,nan,1.0,39.0,nan,0.0,nan,160,nan,2,nan,33.0,12.0,15.0,0.0,45.0,20.0
3000,106,435,nan,5,nan,0,nan,0.0,nan,0.0,1.0,nan,0.0,nan,5,nan,0,nan,0.0,0.4,0.0,0.0,0.0,0.0
3000,106,436,nan,10,nan,0,nan,0.0,nan,0.0,2.0,nan,0.0,nan,10,nan,0,nan,0.0,1.0,0.0,0.0,2.0,0.0
3000,106,437,nan,15,nan,0,nan,0.0,nan,0.0,3.0,nan,0.0,nan,15,nan,0,nan,0.0,1.0,0.0,0.0,2.0,0.0
3000,106,438,nan,25,nan,0,nan,0.0,nan,0.0,4.0,nan,0.0,nan,15,nan,0,nan,0.0,1.0,0.0,0.0,2.0,0.0
3000,106,439,nan,50,nan,0.1,nan,0.0,nan,0.1,8.0,nan,5.0,nan,60,nan,0,nan,7.0,5.0,8.0,0.0,15.0,0.0
3000,106,440,nan,80,nan,3,nan,0.1,nan,1.5,8.0,nan,10.0,nan,70,nan,0,nan,7.0,5.0,8.0,0.0,15.0,0.0
3000,106,441,nan,50,nan,1.5,nan,0.0,nan,0.2,4.0,nan,0.0,nan,40,nan,0,nan,3.0,3.0,4.0,0.0,10.0,6.0
3000,106,442,nan,60,nan,0.1,nan,0.0,nan,0.1,9.0,nan,5.0,nan,70,nan,0,nan,8.0,6.0,10.0,0.0,20.0,0.0
3000,106,443,nan,90,nan,3.5,nan,0.1,nan,1.5,9.0,nan,15.0,nan,80,nan,0,nan,8.0,6.0,10.0,0.0,20.0,0.0
3000,106,444,nan,70,nan,3,nan,0.0,nan,0.4,7.0,nan,0.0,nan,65,nan,1,nan,4.0,5.0,6.0,0.0,20.0,8.0
3000,106,445,nan,80,nan,0.2,nan,0.0,nan,0.1,12.0,nan,5.0,nan,90,nan,0,nan,10.0,8.0,15.0,0.0,25.0,0.0
3000,106,446,nan,120,nan,4,nan,0.1,nan,2.0,12.0,nan,15.0,nan,100,nan,0,nan,10.0,8.0,10.0,0.0,25.0,0.0
3000,106,447,nan,100,nan,3.5,nan,0.0,nan,0.4,9.0,nan,0.0,nan,80,nan,1,nan,5.0,7.0,8.0,0.0,25.0,10.0
3000,106,448,nan,110,nan,0.2,nan,0.0,nan,0.2,16.0,nan,5.0,nan,120,nan,0,nan,14.0,10.0,20.0,0.0,30.0,0.0
3000,106,449,nan,150,nan,6,nan,0.2,nan,3.0,16.0,nan,25.0,nan,135,nan,0,nan,14.0,10.0,15.0,0.0,30.0,0.0
3000,106,450,nan,120,nan,4.5,nan,0.0,nan,0.5,11.0,nan,0.0,nan,110,nan,1,nan,7.0,9.0,10.0,0.0,35.0,15.0
3000,106,451,nan,5,nan,0,nan,0.0,nan,0.0,1.0,nan,0.0,nan,0,nan,0,nan,0.0,0.4,0.0,0.0,0.0,0.0
3000,106,452,nan,10,nan,0,nan,0.0,nan,0.0,2.0,nan,0.0,nan,1,nan,0,nan,0.0,1.0,0.0,0.0,0.0,0.0
3000,106,453,nan,60,nan,0.1,nan,0.0,nan,0.1,9.0,nan,5.0,nan,80,nan,0,nan,8.0,6.0,10.0,0.0,20.0,0.0
3000,106,454,nan,100,nan,0.2,nan,0.0,nan,0.1,14.0,nan,5.0,nan,125,nan,0,nan,13.0,9.0,15.0,0.0,30.0,0.0
3000,106,455,nan,120,nan,0.3,nan,0.0,nan,0.2,18.0,nan,5.0,nan,160,nan,0,nan,16.0,12.0,20.0,0.0,35.0,0.0
3000,106,456,nan,160,nan,0.3,nan,0.0,nan,0.2,24.0,nan,10.0,nan,200,nan,0,nan,21.0,15.0,25.0,0.0,50.0,0.0
3000,106,457,nan,100,nan,1,nan,0.0,nan,0.5,17.0,nan,5.0,nan,70,nan,0,nan,15.0,6.0,10.0,0.0,15.0,0.0
3000,106,458,nan,120,nan,4,nan,0.1,nan,2.0,16.0,nan,15.0,nan,80,nan,0,nan,15.0,5.0,10.0,0.0,15.0,0.0
3000,106,459,nan,100,nan,3,nan,0.0,nan,1.0,14.0,nan,0.0,nan,60,nan,1,nan,11.0,4.0,6.0,0.0,15.0,8.0
3000,106,460,nan,140,nan,1,nan,0.0,nan,0.5,25.0,nan,5.0,nan,105,nan,0,nan,24.0,8.0,15.0,0.0,25.0,0.0
3000,106,461,nan,180,nan,5,nan,0.1,nan,3.0,25.0,nan,20.0,nan,115,nan,0,nan,23.0,8.0,15.0,0.0,25.0,0.0
3000,106,462,nan,150,nan,4.5,nan,0.0,nan,1.0,21.0,nan,0.0,nan,90,nan,1,nan,17.0,7.0,10.0,0.0,25.0,10.0
3000,106,463,nan,190,nan,1,nan,0.0,nan,1.0,35.0,nan,10.0,nan,130,nan,0,nan,32.0,11.0,20.0,0.0,35.0,0.0
3000,106,464,nan,240,nan,7,nan,0.2,nan,3.5,34.0,nan,25.0,nan,150,nan,0,nan,32.0,10.0,15.0,2.0,30.0,0.0
3000,106,465,nan,200,nan,5,nan,0.0,nan,1.0,29.0,nan,5.0,nan,115,nan,1,nan,24.0,9.0,10.0,0.0,35.0,15.0
3000,106,466,nan,240,nan,1,nan,0.0,nan,1.0,43.0,nan,10.0,nan,170,nan,0,nan,41.0,13.0,25.0,0.0,40.0,0.0
3000,106,467,nan,300,nan,8,nan,0.2,nan,4.5,43.0,nan,35.0,nan,180,nan,0,nan,40.0,13.0,20.0,2.0,40.0,0.0
3000,106,468,nan,250,nan,7,nan,0.0,nan,1.5,36.0,nan,5.0,nan,140,nan,1,nan,31.0,11.0,15.0,0.0,40.0,20.0
3000,106,469,nan,180,nan,3,nan,0.0,nan,2.0,31.0,nan,5.0,nan,120,nan,0,nan,29.0,7.0,10.0,0.0,25.0,0.0
3000,106,470,nan,200,nan,6,nan,0.1,nan,3.5,31.0,nan,15.0,nan,125,nan,0,nan,29.0,7.0,8.0,2.0,25.0,0.0
3000,106,471,nan,180,nan,5,nan,0.0,nan,2.5,28.0,nan,0.0,nan,110,nan,1,nan,25.0,6.0,6.0,0.0,25.0,8.0
3000,106,472,nan,270,nan,4.5,nan,0.0,nan,3.5,47.0,nan,5.0,nan,190,nan,0,nan,45.0,12.0,15.0,2.0,35.0,0.0
3000,106,473,nan,310,nan,9,nan,0.1,nan,6.0,46.0,nan,20.0,nan,200,nan,0,nan,44.0,11.0,15.0,2.0,35.0,0.0
3000,106,474,nan,280,nan,8,nan,0.0,nan,3.5,42.0,nan,0.0,nan,170,nan,1,nan,39.0,10.0,10.0,2.0,35.0,10.0
3000,106,475,nan,350,nan,6,nan,0.0,nan,4.5,61.0,nan,10.0,nan,240,nan,0,nan,58.0,15.0,20.0,2.0,45.0,2.0
3000,106,476,nan,400,nan,11,nan,0.2,nan,7.0,61.0,nan,25.0,nan,250,nan,0,nan,58.0,15.0,15.0,2.0,45.0,0.0
3000,106,477,nan,370,nan,10,nan,0.0,nan,5.0,56.0,nan,0.0,nan,220,nan,1,nan,51.0,13.0,10.0,2.0,45.0,15.0
3000,106,478,nan,450,nan,7,nan,0.0,nan,6.0,78.0,nan,10.0,nan,310,nan,0,nan,74.0,19.0,25.0,2.0,60.0,2.0
3000,106,479,nan,510,nan,15,nan,0.2,nan,9.0,77.0,nan,35.0,nan,330,nan,0,nan,74.0,19.0,20.0,4.0,60.0,2.0
3000,106,480,nan,460,nan,13,nan,0.0,nan,6.0,70.0,nan,5.0,nan,290,nan,1,nan,64.0,16.0,15.0,2.0,60.0,20.0
3000,106,481,nan,130,nan,1.5,nan,0.0,nan,1.0,26.0,nan,5.0,nan,70,nan,1,nan,23.0,7.0,10.0,0.0,20.0,10.0
3000,106,482,nan,150,nan,4.5,nan,0.1,nan,2.5,26.0,nan,15.0,nan,80,nan,1,nan,22.0,7.0,10.0,0.0,20.0,10.0
3000,106,483,nan,130,nan,3.5,nan,0.0,nan,1.0,23.0,nan,0.0,nan,60,nan,2,nan,18.0,6.0,6.0,0.0,20.0,20.0
3000,106,484,nan,190,nan,2,nan,0.0,nan,1.0,37.0,nan,5.0,nan,110,nan,1,nan,32.0,11.0,15.0,0.0,30.0,20.0
3000,106,485,nan,230,nan,7,nan,0.2,nan,3.5,37.0,nan,20.0,nan,120,nan,1,nan,32.0,10.0,15.0,0.0,30.0,20.0
3000,106,486,nan,200,nan,6,nan,0.0,nan,1.5,32.0,nan,0.0,nan,95,nan,2,nan,25.0,9.0,10.0,0.0,30.0,30.0
3000,106,487,nan,240,nan,2.5,nan,0.0,nan,1.5,48.0,nan,5.0,nan,140,nan,2,nan,41.0,14.0,20.0,0.0,40.0,25.0
3000,106,488,nan,290,nan,9,nan,0.2,nan,5.0,47.0,nan,25.0,nan,160,nan,2,nan,41.0,14.0,20.0,2.0,40.0,25.0
3000,106,489,nan,250,nan,7,nan,0.0,nan,2.0,41.0,nan,0.0,nan,125,nan,3,nan,32.0,12.0,15.0,0.0,40.0,40.0
3000,106,490,nan,320,nan,3,nan,0.0,nan,2.0,63.0,nan,10.0,nan,180,nan,2,nan,55.0,18.0,25.0,0.0,50.0,30.0
3000,106,491,nan,380,nan,11,nan,0.3,nan,6.0,63.0,nan,35.0,nan,200,nan,2,nan,54.0,17.0,25.0,2.0,50.0,30.0
3000,106,492,nan,330,nan,9,nan,0.0,nan,2.5,55.0,nan,0.0,nan,160,nan,4,nan,44.0,15.0,15.0,0.0,50.0,50.0
3000,106,493,nan,140,nan,0,nan,0.0,nan,0.0,35.0,nan,0.0,nan,10,nan,0,nan,33.0,0.0,0.0,0.0,0.0,0.0
3000,106,494,nan,210,nan,0,nan,0.0,nan,0.0,53.0,nan,0.0,nan,15,nan,0,nan,49.0,0.0,0.0,0.0,0.0,0.0
3000,106,495,nan,280,nan,0,nan,0.0,nan,0.0,70.0,nan,0.0,nan,20,nan,0,nan,65.0,0.0,0.0,0.0,0.0,0.0
3000,106,496,nan,360,nan,0,nan,0.0,nan,0.0,89.0,nan,0.0,nan,25,nan,0,nan,83.0,0.0,0.0,0.0,0.0,0.0
3000,106,497,nan,0,nan,0,nan,0.0,nan,0.0,0.0,nan,0.0,nan,0,nan,0,nan,0.0,0.0,0.0,0.0,0.0,0.0
3000,106,498,nan,0,nan,0,nan,0.0,nan,0.0,0.0,nan,0.0,nan,0,nan,0,nan,0.0,0.0,0.0,0.0,0.0,0.0
3000,106,499,nan,0,nan,0,nan,0.0,nan,0.0,0.0,nan,0.0,nan,0,nan,0,nan,0.0,0.0,0.0,0.0,0.0,0.0
3000,106,500,nan,0,nan,0,nan,0.0,nan,0.0,0.0,nan,0.0,nan,0,nan,0,nan,0.0,0.0,0.0,0.0,0.0,0.0
3000,106,501,nan,100,nan,0.1,nan,0.0,nan,0.1,22.0,nan,0.0,nan,50,nan,0,nan,21.0,4.0,6.0,0.0,10.0,0.0
3000,106,502,nan,120,nan,2,nan,0.1,nan,1.0,22.0,nan,10.0,nan,55,nan,0,nan,21.0,4.0,6.0,0.0,10.0,0.0
3000,106,503,nan,110,nan,1.5,nan,0.0,nan,0.2,20.0,nan,0.0,nan,45,nan,0,nan,18.0,3.0,4.0,0.0,10.0,6.0
3000,106,504,nan,160,nan,0.2,nan,0.0,nan,0.1,34.0,nan,5.0,nan,80,nan,0,nan,32.0,6.0,10.0,0.0,20.0,2.0
3000,106,505,nan,190,nan,3.5,nan,0.1,nan,1.5,34.0,nan,15.0,nan,90,nan,0,nan,32.0,6.0,10.0,0.0,20.0,2.0
3000,106,506,nan,160,nan,2.5,nan,0.0,nan,0.3,31.0,nan,0.0,nan,70,nan,1,nan,28.0,5.0,6.0,0.0,20.0,10.0
3000,106,507,nan,210,nan,0.2,nan,0.0,nan,0.1,45.0,nan,5.0,nan,105,nan,0,nan,43.0,8.0,15.0,0.0,25.0,2.0
3000,106,508,nan,240,nan,4.5,nan,0.1,nan,2.0,45.0,nan,20.0,nan,115,nan,0,nan,42.0,8.0,10.0,0.0,25.0,2.0
3000,106,509,nan,220,nan,3.5,nan,0.0,nan,0.4,41.0,nan,0.0,nan,90,nan,1,nan,37.0,6.0,8.0,0.0,25.0,10.0
3000,106,510,nan,260,nan,0.3,nan,0.0,nan,0.2,57.0,nan,5.0,nan,135,nan,0,nan,54.0,10.0,15.0,0.0,35.0,2.0
3000,106,511,nan,310,nan,6,nan,0.2,nan,3.0,56.0,nan,25.0,nan,150,nan,0,nan,53.0,10.0,15.0,2.0,30.0,2.0
3000,106,512,nan,280,nan,4.5,nan,0.0,nan,0.5,51.0,nan,0.0,nan,115,nan,1,nan,46.0,8.0,10.0,0.0,30.0,15.0
3000,106,513,nan,130,nan,0.2,nan,0.0,nan,0.1,26.0,nan,5.0,nan,85,nan,0,nan,25.0,7.0,10.0,4.0,20.0,2.0
3000,106,514,nan,170,nan,4,nan,0.1,nan,2.0,26.0,nan,15.0,nan,95,nan,0,nan,25.0,7.0,10.0,6.0,20.0,2.0
3000,106,515,nan,140,nan,3,nan,0.0,nan,0.4,22.0,nan,0.0,nan,70,nan,1,nan,20.0,6.0,8.0,4.0,20.0,10.0
3000,106,516,nan,210,nan,0.4,nan,0.0,nan,0.2,42.0,nan,5.0,nan,125,nan,1,nan,41.0,11.0,20.0,10.0,35.0,4.0
3000,106,517,nan,260,nan,6,nan,0.2,nan,3.0,41.0,nan,25.0,nan,140,nan,1,nan,40.0,10.0,15.0,10.0,35.0,4.0
3000,106,518,nan,230,nan,4.5,nan,0.0,nan,0.5,36.0,nan,0.0,nan,110,nan,2,nan,33.0,9.0,10.0,10.0,35.0,15.0
3000,106,519,nan,290,nan,0.5,nan,0.0,nan,0.2,57.0,nan,10.0,nan,160,nan,1,nan,56.0,14.0,25.0,15.0,45.0,4.0
3000,106,520,nan,350,nan,8,nan,0.2,nan,4.0,57.0,nan,30.0,nan,180,nan,1,nan,55.0,14.0,20.0,15.0,45.0,4.0
3000,106,521,nan,310,nan,6,nan,0.0,nan,1.0,50.0,nan,0.0,nan,140,nan,3,nan,46.0,11.0,15.0,15.0,45.0,25.0
3000,106,522,nan,370,nan,0.5,nan,0.0,nan,0.3,73.0,nan,10.0,nan,200,nan,2,nan,71.0,18.0,30.0,20.0,60.0,6.0
3000,106,523,nan,450,nan,10,nan,0.3,nan,5.0,72.0,nan,40.0,nan,230,nan,2,nan,71.0,17.0,25.0,20.0,50.0,6.0
3000,106,524,nan,390,nan,8,nan,0.0,nan,1.0,64.0,nan,0.0,nan,180,nan,4,nan,58.0,14.0,20.0,20.0,60.0,30.0
3000,106,525,nan,80,nan,0.1,nan,0.0,nan,0.1,16.0,nan,0.0,nan,45,nan,0,nan,16.0,4.0,6.0,0.0,10.0,0.0
3000,106,526,nan,90,nan,2,nan,0.1,nan,1.0,15.0,nan,10.0,nan,50,nan,0,nan,15.0,3.0,6.0,0.0,10.0,0.0
3000,106,527,nan,80,nan,1.5,nan,0.0,nan,0.2,14.0,nan,0.0,nan,40,nan,0,nan,13.0,3.0,4.0,0.0,10.0,6.0
3000,106,528,nan,120,nan,0.1,nan,0.0,nan,0.1,23.0,nan,5.0,nan,65,nan,0,nan,23.0,5.0,10.0,0.0,20.0,0.0
3000,106,529,nan,140,nan,3,nan,0.1,nan,1.5,23.0,nan,15.0,nan,75,nan,0,nan,23.0,5.0,8.0,0.0,15.0,0.0
3000,106,530,nan,130,nan,2.5,nan,0.0,nan,0.3,21.0,nan,0.0,nan,60,nan,1,nan,19.0,4.0,6.0,0.0,20.0,8.0
3000,106,531,nan,150,nan,0.2,nan,0.0,nan,0.1,31.0,nan,5.0,nan,85,nan,0,nan,31.0,7.0,15.0,0.0,25.0,0.0
3000,106,532,nan,190,nan,4,nan,0.1,nan,2.0,31.0,nan,15.0,nan,95,nan,0,nan,30.0,7.0,10.0,0.0,25.0,0.0
3000,106,533,nan,170,nan,3.5,nan,0.0,nan,0.4,27.0,nan,0.0,nan,80,nan,1,nan,25.0,6.0,8.0,0.0,25.0,10.0
3000,106,534,nan,190,nan,0.2,nan,0.0,nan,0.1,39.0,nan,5.0,nan,110,nan,0,nan,39.0,9.0,15.0,0.0,30.0,0.0
3000,106,535,nan,230,nan,5,nan,0.2,nan,2.5,38.0,nan,20.0,nan,125,nan,0,nan,38.0,9.0,15.0,0.0,30.0,0.0
3000,106,536,nan,210,nan,4,nan,0.0,nan,0.5,34.0,nan,0.0,nan,100,nan,1,nan,32.0,7.0,10.0,0.0,30.0,15.0
3000,106,537,nan,80,nan,0.1,nan,0.0,nan,0.1,16.0,nan,0.0,nan,45,nan,0,nan,16.0,4.0,6.0,0.0,10.0,0.0
3000,106,538,nan,90,nan,2,nan,0.1,nan,1.0,15.0,nan,10.0,nan,50,nan,0,nan,15.0,3.0,6.0,0.0,10.0,0.0
3000,106,539,nan,80,nan,1.5,nan,0.0,nan,0.2,14.0,nan,0.0,nan,40,nan,0,nan,13.0,3.0,4.0,0.0,10.0,6.0
3000,106,540,nan,120,nan,0.1,nan,0.0,nan,0.1,23.0,nan,5.0,nan,65,nan,0,nan,23.0,5.0,10.0,0.0,20.0,0.0
3000,106,541,nan,140,nan,3,nan,0.1,nan,1.5,23.0,nan,15.0,nan,75,nan,0,nan,23.0,5.0,8.0,0.0,15.0,0.0
3000,106,542,nan,130,nan,2.5,nan,0.0,nan,0.3,21.0,nan,0.0,nan,60,nan,1,nan,19.0,4.0,6.0,0.0,20.0,8.0
3000,106,543,nan,150,nan,0.2,nan,0.0,nan,0.1,31.0,nan,5.0,nan,85,nan,0,nan,31.0,7.0,15.0,0.0,25.0,0.0
3000,106,544,nan,190,nan,4,nan,0.1,nan,2.0,31.0,nan,15.0,nan,95,nan,0,nan,30.0,7.0,10.0,0.0,25.0,0.0
3000,106,545,nan,170,nan,3.5,nan,0.0,nan,0.4,27.0,nan,0.0,nan,80,nan,1,nan,25.0,6.0,8.0,0.0,25.0,10.0
3000,106,546,nan,190,nan,0.2,nan,0.0,nan,0.1,39.0,nan,5.0,nan,110,nan,0,nan,39.0,9.0,15.0,0.0,30.0,0.0
3000,106,547,nan,230,nan,5,nan,0.2,nan,2.5,38.0,nan,20.0,nan,125,nan,0,nan,38.0,9.0,15.0,0.0,30.0,0.0
3000,106,548,nan,210,nan,4,nan,0.0,nan,0.5,34.0,nan,0.0,nan,100,nan,1,nan,32.0,7.0,10.0,0.0,30.0,15.0
3000,106,549,nan,60,nan,0,nan,0.0,nan,0.0,15.0,nan,0.0,nan,4,nan,0,nan,15.0,0.2,0.0,0.0,0.0,0.0
3000,106,550,nan,90,nan,0.1,nan,0.0,nan,0.0,21.0,nan,0.0,nan,5,nan,0,nan,21.0,0.3,0.0,0.0,0.0,0.0
3000,106,551,nan,130,nan,0.1,nan,0.0,nan,0.0,31.0,nan,0.0,nan,5,nan,0,nan,31.0,0.4,0.0,0.0,0.0,0.0
3000,106,552,nan,80,nan,0.1,nan,0.0,nan,0.0,18.0,nan,0.0,nan,25,nan,0,nan,18.0,2.0,2.0,0.0,6.0,0.0
3000,106,553,nan,90,nan,1,nan,0.0,nan,0.5,18.0,nan,5.0,nan,25,nan,0,nan,18.0,2.0,2.0,0.0,6.0,0.0
3000,106,554,nan,80,nan,1,nan,0.0,nan,0.1,17.0,nan,0.0,nan,20,nan,0,nan,17.0,2.0,2.0,0.0,6.0,0.0
3000,106,555,nan,110,nan,0.1,nan,0.0,nan,0.0,24.0,nan,0.0,nan,30,nan,0,nan,24.0,2.0,4.0,0.0,8.0,2.0
3000,106,556,nan,120,nan,1.5,nan,0.0,nan,0.5,24.0,nan,5.0,nan,35,nan,0,nan,24.0,2.0,4.0,0.0,8.0,0.0
3000,106,557,nan,110,nan,1,nan,0.0,nan,0.1,23.0,nan,0.0,nan,30,nan,0,nan,22.0,2.0,2.0,0.0,8.0,0.0
3000,106,558,nan,160,nan,0.1,nan,0.0,nan,0.1,36.0,nan,0.0,nan,50,nan,0,nan,36.0,4.0,6.0,0.0,10.0,4.0
3000,106,559,nan,180,nan,2,nan,0.1,nan,1.0,36.0,nan,10.0,nan,55,nan,0,nan,36.0,4.0,6.0,0.0,10.0,0.0
3000,106,560,nan,170,nan,1.5,nan,0.0,nan,0.2,34.0,nan,0.0,nan,45,nan,0,nan,33.0,3.0,4.0,0.0,10.0,0.0
3000,106,561,nan,60,nan,0,nan,0.0,nan,0.0,15.0,nan,0.0,nan,0,nan,0,nan,15.0,0.0,0.0,0.0,0.0,6.0
3000,106,562,nan,80,nan,0,nan,0.0,nan,0.0,21.0,nan,0.0,nan,0,nan,0,nan,21.0,0.0,0.0,0.0,0.0,0.0
3000,106,563,nan,120,nan,0,nan,0.0,nan,0.0,31.0,nan,0.0,nan,0,nan,0,nan,31.0,0.0,0.0,0.0,0.0,0.0
3000,106,564,nan,100,nan,0,nan,0.0,nan,0.0,25.0,nan,0.0,nan,0,nan,0,nan,24.0,0.1,0.0,10.0,0.0,0.0
3000,106,565,nan,130,nan,0,nan,0.0,nan,0.0,33.0,nan,0.0,nan,0,nan,0,nan,33.0,0.1,0.0,15.0,0.0,0.0
3000,106,566,nan,190,nan,0,nan,0.0,nan,0.0,49.0,nan,0.0,nan,0,nan,0,nan,49.0,0.1,0.0,20.0,0.0,0.0
3000,106,567,nan,280,nan,2.5,nan,0.0,nan,1.5,53.0,nan,5.0,nan,150,nan,7,nan,34.0,20.0,10.0,15.0,20.0,0.0
3000,106,568,nan,300,nan,5,nan,0.1,nan,2.5,53.0,nan,15.0,nan,160,nan,7,nan,34.0,20.0,8.0,15.0,20.0,20.0
3000,106,569,nan,290,nan,4.5,nan,0.0,nan,1.5,51.0,nan,5.0,nan,150,nan,7,nan,31.0,19.0,6.0,15.0,20.0,20.0
3000,106,570,nan,260,nan,1,nan,0.0,nan,0.3,54.0,nan,5.0,nan,120,nan,6,nan,37.0,16.0,50.0,80.0,10.0,30.0
3000,106,571,nan,270,nan,1.5,nan,0.0,nan,0.5,53.0,nan,5.0,nan,125,nan,6,nan,37.0,16.0,50.0,80.0,10.0,6.0
3000,106,572,nan,270,nan,1.5,nan,0.0,nan,0.4,53.0,nan,5.0,nan,120,nan,6,nan,36.0,15.0,50.0,80.0,10.0,6.0
3000,106,573,nan,290,nan,1,nan,0.0,nan,0.3,58.0,nan,5.0,nan,125,nan,7,nan,41.0,16.0,4.0,100.0,10.0,8.0
3000,106,574,nan,290,nan,2,nan,0.0,nan,1.0,58.0,nan,5.0,nan,125,nan,7,nan,41.0,16.0,4.0,100.0,10.0,8.0
3000,106,575,nan,290,nan,2,nan,0.0,nan,0.4,58.0,nan,5.0,nan,120,nan,8,nan,40.0,16.0,2.0,100.0,10.0,8.0
3000,106,576,nan,160,nan,0.1,nan,0.0,nan,0.0,36.0,nan,0.0,nan,160,nan,0,nan,36.0,3.0,4.0,0.0,10.0,10.0
3000,106,577,nan,180,nan,2.5,nan,0.1,nan,1.5,36.0,nan,10.0,nan,160,nan,0,nan,36.0,3.0,4.0,0.0,8.0,0.0
3000,106,578,nan,160,nan,1.5,nan,0.0,nan,0.2,35.0,nan,0.0,nan,150,nan,0,nan,34.0,2.0,4.0,0.0,10.0,0.0
3000,106,579,nan,220,nan,0.1,nan,0.0,nan,0.1,51.0,nan,0.0,nan,210,nan,0,nan,50.0,4.0,6.0,0.0,10.0,4.0
3000,106,580,nan,240,nan,3,nan,0.1,nan,2.0,50.0,nan,10.0,nan,220,nan,0,nan,50.0,3.0,4.0,0.0,10.0,0.0
3000,106,581,nan,220,nan,1.5,nan,0.0,nan,0.2,49.0,nan,0.0,nan,210,nan,0,nan,47.0,3.0,4.0,0.0,10.0,0.0
3000,106,582,nan,310,nan,0.1,nan,0.0,nan,0.1,70.0,nan,5.0,nan,300,nan,0,nan,69.0,6.0,10.0,0.0,20.0,6.0
3000,106,583,nan,350,nan,5,nan,0.2,nan,3.0,70.0,nan,15.0,nan,300,nan,0,nan,69.0,5.0,8.0,0.0,15.0,2.0
3000,106,584,nan,310,nan,2.5,nan,0.0,nan,0.3,68.0,nan,0.0,nan,300,nan,1,nan,66.0,5.0,6.0,0.0,20.0,2.0
3000,106,585,nan,180,nan,0.5,nan,0.0,nan,0.4,42.0,nan,0.0,nan,150,nan,1,nan,40.0,3.0,4.0,0.0,10.0,8.0
3000,106,586,nan,200,nan,3,nan,0.1,nan,2.0,42.0,nan,10.0,nan,160,nan,1,nan,40.0,3.0,4.0,0.0,8.0,6.0
3000,106,587,nan,180,nan,2,nan,0.0,nan,0.5,40.0,nan,0.0,nan,150,nan,1,nan,38.0,3.0,4.0,0.0,10.0,10.0
3000,106,588,nan,260,nan,1,nan,0.0,nan,0.5,61.0,nan,0.0,nan,220,nan,1,nan,58.0,4.0,6.0,0.0,10.0,8.0
3000,106,589,nan,290,nan,4,nan,0.1,nan,2.5,61.0,nan,10.0,nan,220,nan,1,nan,58.0,4.0,4.0,0.0,10.0,8.0
3000,106,590,nan,260,nan,2.5,nan,0.0,nan,0.5,59.0,nan,0.0,nan,220,nan,1,nan,55.0,4.0,4.0,0.0,10.0,15.0
3000,106,591,nan,340,nan,1,nan,0.0,nan,0.5,80.0,nan,5.0,nan,300,nan,1,nan,76.0,7.0,10.0,0.0,15.0,10.0
3000,106,592,nan,390,nan,6,nan,0.1,nan,3.5,80.0,nan,15.0,nan,300,nan,1,nan,76.0,6.0,8.0,0.0,15.0,10.0
3000,106,593,nan,350,nan,3,nan,0.0,nan,1.0,78.0,nan,0.0,nan,290,nan,2,nan,73.0,6.0,6.0,0.0,20.0,20.0
3000,106,594,nan,180,nan,0.1,nan,0.0,nan,0.0,42.0,nan,0.0,nan,160,nan,0,nan,41.0,3.0,4.0,0.0,10.0,0.0
3000,106,595,nan,200,nan,2.5,nan,0.1,nan,1.5,42.0,nan,10.0,nan,160,nan,0,nan,41.0,3.0,4.0,0.0,8.0,0.0
3000,106,596,nan,180,nan,1.5,nan,0.0,nan,0.2,40.0,nan,0.0,nan,150,nan,0,nan,39.0,2.0,4.0,0.0,10.0,4.0
3000,106,597,nan,280,nan,0.1,nan,0.0,nan,0.1,60.0,nan,0.0,nan,220,nan,0,nan,59.0,4.0,6.0,0.0,10.0,0.0
3000,106,598,nan,280,nan,3.5,nan,0.1,nan,2.0,60.0,nan,10.0,nan,220,nan,0,nan,59.0,3.0,4.0,0.0,10.0,0.0
3000,106,599,nan,260,nan,1.5,nan,0.0,nan,0.2,58.0,nan,0.0,nan,220,nan,0,nan,56.0,3.0,4.0,0.0,10.0,6.0
3000,106,600,nan,330,nan,0.1,nan,0.0,nan,0.1,78.0,nan,5.0,nan,290,nan,0,nan,77.0,5.0,10.0,0.0,15.0,2.0
3000,106,601,nan,370,nan,5,nan,0.1,nan,3.0,78.0,nan,15.0,nan,300,nan,0,nan,77.0,5.0,8.0,0.0,15.0,2.0
3000,106,602,nan,340,nan,2.5,nan,0.0,nan,0.3,75.0,nan,0.0,nan,290,nan,1,nan,73.0,5.0,6.0,0.0,20.0,8.0
3000,106,603,nan,220,nan,3,nan,0.0,nan,2.0,47.0,nan,0.0,nan,170,nan,1,nan,44.0,4.0,4.0,0.0,10.0,20.0
3000,106,604,nan,240,nan,5,nan,0.1,nan,3.5,47.0,nan,10.0,nan,170,nan,1,nan,44.0,4.0,4.0,0.0,8.0,20.0
3000,106,605,nan,220,nan,4,nan,0.0,nan,2.5,45.0,nan,0.0,nan,170,nan,1,nan,42.0,3.0,4.0,0.0,10.0,20.0
3000,106,606,nan,310,nan,4,nan,0.0,nan,3.0,67.0,nan,0.0,nan,250,nan,2,nan,62.0,5.0,6.0,0.0,10.0,25.0
3000,106,607,nan,340,nan,7,nan,0.1,nan,5.0,67.0,nan,10.0,nan,250,nan,2,nan,62.0,5.0,4.0,0.0,10.0,25.0
3000,106,608,nan,310,nan,6,nan,0.0,nan,3.5,65.0,nan,0.0,nan,240,nan,2,nan,60.0,4.0,4.0,0.0,10.0,30.0
3000,106,609,nan,420,nan,5,nan,0.0,nan,4.0,90.0,nan,5.0,nan,340,nan,2,nan,84.0,7.0,10.0,0.0,20.0,35.0
3000,106,610,nan,460,nan,10,nan,0.2,nan,7.0,90.0,nan,15.0,nan,340,nan,2,nan,84.0,7.0,6.0,0.0,15.0,35.0
3000,106,611,nan,430,nan,8,nan,0.0,nan,4.5,88.0,nan,0.0,nan,330,nan,3,nan,80.0,6.0,6.0,0.0,20.0,40.0
3000,106,612,nan,90,nan,0.1,nan,0.0,nan,0.0,20.0,nan,0.0,nan,160,nan,0,nan,19.0,3.0,4.0,0.0,10.0,0.0
3000,106,613,nan,120,nan,0.1,nan,0.0,nan,0.1,26.0,nan,0.0,nan,210,nan,0,nan,26.0,3.0,6.0,0.0,10.0,0.0
3000,106,614,nan,160,nan,0.1,nan,0.0,nan,0.1,34.0,nan,5.0,nan,270,nan,0,nan,33.0,5.0,8.0,0.0,15.0,2.0
3000,106,615,nan,110,nan,0.5,nan,0.0,nan,0.4,24.0,nan,0.0,nan,150,nan,1,nan,23.0,3.0,4.0,0.0,8.0,6.0
3000,106,616,nan,150,nan,1,nan,0.0,nan,0.5,33.0,nan,0.0,nan,200,nan,1,nan,30.0,4.0,6.0,0.0,10.0,8.0
3000,106,617,nan,210,nan,1,nan,0.0,nan,0.5,46.0,nan,5.0,nan,280,nan,1,nan,42.0,6.0,8.0,0.0,15.0,10.0
3000,106,618,nan,100,nan,0.1,nan,0.0,nan,0.0,23.0,nan,0.0,nan,140,nan,0,nan,23.0,3.0,4.0,0.0,8.0,0.0
3000,106,619,nan,150,nan,0.1,nan,0.0,nan,0.1,33.0,nan,0.0,nan,200,nan,0,nan,32.0,3.0,6.0,0.0,10.0,0.0
3000,106,620,nan,200,nan,0.1,nan,0.0,nan,0.1,44.0,nan,5.0,nan,270,nan,0,nan,43.0,5.0,8.0,0.0,15.0,2.0
3000,106,621,nan,150,nan,3,nan,0.0,nan,2.0,30.0,nan,0.0,nan,170,nan,1,nan,27.0,4.0,4.0,0.0,10.0,20.0
3000,106,622,nan,220,nan,4,nan,0.0,nan,3.0,43.0,nan,0.0,nan,240,nan,2,nan,39.0,5.0,6.0,0.0,10.0,25.0
3000,106,623,nan,290,nan,5,nan,0.0,nan,4.0,58.0,nan,5.0,nan,320,nan,2,nan,52.0,7.0,8.0,0.0,15.0,35.0
3000,106,624,nan,170,nan,0.1,nan,0.0,nan,0.1,39.0,nan,0.0,nan,140,nan,0,nan,38.0,3.0,6.0,6.0,10.0,2.0
3000,106,625,nan,190,nan,3,nan,0.1,nan,1.5,38.0,nan,10.0,nan,140,nan,0,nan,37.0,3.0,4.0,6.0,10.0,2.0
3000,106,626,nan,170,nan,1.5,nan,0.0,nan,0.2,37.0,nan,0.0,nan,135,nan,1,nan,35.0,3.0,4.0,6.0,10.0,6.0
3000,106,627,nan,230,nan,0.2,nan,0.0,nan,0.1,53.0,nan,0.0,nan,190,nan,0,nan,52.0,4.0,8.0,6.0,15.0,4.0
3000,106,628,nan,260,nan,4,nan,0.1,nan,2.0,53.0,nan,10.0,nan,190,nan,0,nan,52.0,4.0,6.0,6.0,15.0,4.0
3000,106,629,nan,240,nan,2,nan,0.0,nan,0.2,51.0,nan,0.0,nan,180,nan,1,nan,49.0,3.0,4.0,6.0,15.0,8.0
3000,106,630,nan,310,nan,0.2,nan,0.0,nan,0.1,70.0,nan,5.0,nan,260,nan,0,nan,69.0,6.0,10.0,8.0,20.0,4.0
3000,106,631,nan,350,nan,6,nan,0.2,nan,3.0,70.0,nan,15.0,nan,260,nan,0,nan,68.0,6.0,8.0,8.0,20.0,4.0
3000,106,632,nan,320,nan,3 2,nan,0.0,nan,0.4,67.0,nan,0.0,nan,250,nan,1,nan,64.0,5.0,6.0,8.0,20.0,10.0
3000,106,633,nan,170,nan,0.1,nan,0.0,nan,0.1,39.0,nan,0.0,nan,160,nan,0,nan,38.0,4.0,6.0,0.0,10.0,0.0
3000,106,634,nan,200,nan,3.5,nan,0.1,nan,2.0,39.0,nan,10.0,nan,160,nan,0,nan,38.0,3.0,6.0,0.0,10.0,0.0
3000,106,635,nan,180,nan,1.5,nan,0.0,nan,0.2,37.0,nan,0.0,nan,160,nan,1,nan,35.0,3.0,4.0,0.0,10.0,6.0
3000,106,636,nan,240,nan,0.1,nan,0.0,nan,0.1,56.0,nan,5.0,nan,230,nan,0,nan,55.0,5.0,8.0,0.0,15.0,0.0
3000,100,637,nan,300,nan,5.0,nan,nan,nan,nan,nan,nan,nan,nan,50,nan,3,nan,nan,12.0,nan,nan,nan,nan
3000,100,638,nan,380,nan,6.0,nan,nan,nan,nan,nan,nan,nan,nan,70,nan,7,nan,nan,10.0,nan,nan,nan,nan
3000,100,639,nan,410,nan,22.0,nan,nan,nan,nan,nan,nan,nan,nan,45,nan,3,nan,nan,10.0,nan,nan,nan,nan
3000,100,640,nan,460,nan,23.0,nan,nan,nan,nan,nan,nan,nan,nan,56,nan,2,nan,nan,7.0,nan,nan,nan,nan
3000,100,641,nan,420,nan,22.0,nan,nan,nan,nan,nan,nan,nan,nan,52,nan,2,nan,nan,6.0,nan,nan,nan,nan
3000,100,642,nan,380,nan,16.0,nan,nan,nan,nan,nan,nan,nan,nan,53,nan,1,nan,nan,6.0,nan,nan,nan,nan
3000,100,643,nan,420,nan,17.0,nan,nan,nan,nan,nan,nan,nan,nan,61,nan,2,nan,nan,5.0,nan,nan,nan,nan
3000,100,644,nan,240,nan,12.0,nan,nan,nan,nan,nan,nan,nan,nan,28,nan,1,nan,nan,5.0,nan,nan,nan,nan
3000,105,645,nan,350,nan,22.0,nan,nan,nan,nan,nan,nan,nan,nan,38,nan,0,nan,nan,2.0,nan,nan,nan,nan
3000,100,646,nan,320,nan,16.0,nan,nan,nan,nan,nan,nan,nan,nan,36,nan,1,nan,nan,8.0,nan,nan,nan,nan
3000,105,647,nan,170,nan,5.0,nan,nan,nan,nan,nan,nan,nan,nan,30,nan,2,nan,nan,2.0,nan,nan,nan,nan
3000,105,648,nan,310,nan,15.0,nan,nan,nan,nan,nan,nan,nan,nan,42,nan,2,nan,nan,4.0,nan,nan,nan,nan
3000,100,649,nan,440,nan,21.0,nan,nan,nan,nan,nan,nan,nan,nan,60,nan,2,nan,nan,7.0,nan,nan,nan,nan
3000,100,650,nan,330,nan,18.0,nan,nan,nan,nan,nan,nan,nan,nan,38,nan,1,nan,nan,6.0,nan,nan,nan,nan
3000,100,651,nan,390,nan,22.0,nan,nan,nan,nan,nan,nan,nan,nan,43,nan,2,nan,nan,7.0,nan,nan,nan,nan
3000,105,652,nan,490,nan,24.0,nan,nan,nan,nan,nan,nan,nan,nan,64,nan,2,nan,nan,6.0,nan,nan,nan,nan
3000,100,653,nan,390,nan,15.0,nan,nan,nan,nan,nan,nan,nan,nan,56,nan,2,nan,nan,8.0,nan,nan,nan,nan
3000,100,654,nan,270,nan,1.0,nan,nan,nan,nan,nan,nan,nan,nan,58,nan,3,nan,nan,9.0,nan,nan,nan,nan
3000,100,655,nan,390,nan,16.0,nan,nan,nan,nan,nan,nan,nan,nan,57,nan,1,nan,nan,5.0,nan,nan,nan,nan
3000,105,656,nan,360,nan,23.0,nan,nan,nan,nan,nan,nan,nan,nan,36,nan,0,nan,nan,2.0,nan,nan,nan,nan
3000,100,657,nan,420,nan,15.0,nan,nan,nan,nan,nan,nan,nan,nan,64,nan,1,nan,nan,6.0,nan,nan,nan,nan
3000,100,658,nan,430,nan,23.0,nan,nan,nan,nan,nan,nan,nan,nan,53,nan,2,nan,nan,5.0,nan,nan,nan,nan
3000,105,659,nan,410,nan,24.0,nan,nan,nan,nan,nan,nan,nan,nan,46,nan,3,nan,nan,6.0,nan,nan,nan,nan
3000,105,660,nan,490,nan,28.0,nan,nan,nan,nan,nan,nan,nan,nan,55,nan,3,nan,nan,7.0,nan,nan,nan,nan
3000,105,661,nan,440,nan,23.0,nan,nan,nan,nan,nan,nan,nan,nan,54,nan,3,nan,nan,5.0,nan,nan,nan,nan
3000,100,662,nan,100,nan,3.5,nan,nan,nan,nan,nan,nan,nan,nan,14,nan,0,nan,nan,3.0,nan,nan,nan,nan
3000,100,663,nan,290,nan,3.5,nan,nan,nan,nan,nan,nan,nan,nan,53,nan,2,nan,nan,11.0,nan,nan,nan,nan
3000,100,664,nan,90,nan,3.0,nan,nan,nan,nan,nan,nan,nan,nan,14,nan,0,nan,nan,1.0,nan,nan,nan,nan
3000,100,665,nan,200,nan,8.0,nan,nan,nan,nan,nan,nan,nan,nan,30,nan,0,nan,nan,6.0,nan,nan,nan,nan
3000,105,666,nan,240,nan,5.0,nan,nan,nan,nan,nan,nan,nan,nan,45,nan,0,nan,nan,2.0,nan,nan,nan,nan
3000,105,667,nan,250,nan,14.0,nan,nan,nan,nan,nan,nan,nan,nan,29,nan,1,nan,nan,3.0,nan,nan,nan,nan
3000,105,668,nan,470,nan,20.0,nan,nan,nan,nan,nan,nan,nan,nan,68,nan,1,nan,nan,6.0,nan,nan,nan,nan
3000,100,669,nan,310,nan,10.0,nan,nan,nan,nan,nan,nan,nan,nan,47,nan,2,nan,nan,3.0,nan,nan,nan,nan
3000,100,670,nan,350,nan,4.0,nan,nan,nan,nan,nan,nan,nan,nan,64,nan,8,nan,nan,17.0,nan,nan,nan,nan
3000,105,671,nan,290,nan,12.0,nan,nan,nan,nan,nan,nan,nan,nan,40,nan,3,nan,nan,5.0,nan,nan,nan,nan
3000,105,672,nan,330,nan,18.0,nan,nan,nan,nan,nan,nan,nan,nan,39,nan,1,nan,nan,3.0,nan,nan,nan,nan
3000,100,673,nan,480,nan,27.0,nan,nan,nan,nan,nan,nan,nan,nan,56,nan,1,nan,nan,5.0,nan,nan,nan,nan
3000,105,674,nan,360,nan,21.0,nan,nan,nan,nan,nan,nan,nan,nan,36,nan,3,nan,nan,8.0,nan,nan,nan,nan
3000,105,675,nan,330,nan,18.0,nan,nan,nan,nan,nan,nan,nan,nan,39,nan,1,nan,nan,4.0,nan,nan,nan,nan
3000,100,676,nan,120,nan,4.5,nan,nan,nan,nan,nan,nan,nan,nan,18,nan,0,nan,nan,2.0,nan,nan,nan,nan
3000,100,677,nan,280,nan,1.5,nan,nan,nan,nan,nan,nan,nan,nan,56,nan,2,nan,nan,9.0,nan,nan,nan,nan
3000,100,678,nan,410,nan,15.0,nan,nan,nan,nan,nan,nan,nan,nan,63,nan,2,nan,nan,6.0,nan,nan,nan,nan
3000,100,679,nan,420,nan,17.0,nan,nan,nan,nan,nan,nan,nan,nan,61,nan,1,nan,nan,6.0,nan,nan,nan,nan
3000,105,680,nan,360,nan,18.0,nan,nan,nan,nan,nan,nan,nan,nan,45,nan,1,nan,nan,3.0,nan,nan,nan,nan
3000,100,681,nan,370,nan,9.0,nan,nan,nan,nan,nan,nan,nan,nan,67,nan,2,nan,nan,5.0,nan,nan,nan,nan
3000,105,682,nan,330,nan,17.0,nan,nan,nan,nan,nan,nan,nan,nan,44,nan,1,nan,nan,2.0,nan,nan,nan,nan
3000,105,683,nan,330,nan,17.0,nan,nan,nan,nan,nan,nan,nan,nan,44,nan,1,nan,nan,2.0,nan,nan,nan,nan
3000,100,684,nan,330,nan,6.0,nan,nan,nan,nan,nan,nan,nan,nan,57,nan,7,nan,nan,12.0,nan,nan,nan,nan
3000,105,685,nan,180,nan,9.0,nan,nan,nan,nan,nan,nan,nan,nan,23,nan,0,nan,nan,2.0,nan,nan,nan,nan
3000,100,686,nan,200,nan,8.0,nan,nan,nan,nan,nan,nan,nan,nan,28,nan,0,nan,nan,6.0,nan,nan,nan,nan
3000,105,687,nan,300,nan,13.0,nan,nan,nan,nan,nan,nan,nan,nan,44,nan,1,nan,nan,3.0,nan,nan,nan,nan
3000,105,688,nan,360,nan,18.0,nan,nan,nan,nan,nan,nan,nan,nan,45,nan,1,nan,nan,3.0,nan,nan,nan,nan
3000,100,689,nan,390,nan,21.0,nan,nan,nan,nan,nan,nan,nan,nan,45,nan,2,nan,nan,6.0,nan,nan,nan,nan
3000,101,690,nan,270,nan,14.0,nan,nan,nan,nan,nan,nan,nan,nan,27,nan,2,nan,nan,10.0,nan,nan,nan,nan
3000,107,691,nan,600,nan,25.0,nan,nan,nan,nan,nan,nan,nan,nan,80,nan,10,nan,nan,19.0,nan,nan,nan,nan
3000,107,692,nan,300,nan,14.0,nan,nan,nan,nan,nan,nan,nan,nan,34,nan,2,nan,nan,11.0,nan,nan,nan,nan
3000,103,693,nan,360,nan,18.0,nan,nan,nan,nan,nan,nan,nan,nan,33,nan,3,nan,nan,17.0,nan,nan,nan,nan
3000,103,694,nan,130,nan,12.0,nan,nan,nan,nan,nan,nan,nan,nan,7,nan,3,nan,nan,2.0,nan,nan,nan,nan
3000,101,695,nan,430,nan,23.0,nan,nan,nan,nan,nan,nan,nan,nan,34,nan,3,nan,nan,21.0,nan,nan,nan,nan
3000,109,696,nan,470,nan,29.0,nan,nan,nan,nan,nan,nan,nan,nan,29,nan,4,nan,nan,21.0,nan,nan,nan,nan
3000,103,697,nan,170,nan,13.0,nan,nan,nan,nan,nan,nan,nan,nan,9,nan,2,nan,nan,7.0,nan,nan,nan,nan
3000,103,698,nan,620,nan,37.0,nan,nan,nan,nan,nan,nan,nan,nan,62,nan,10,nan,nan,13.0,nan,nan,nan,nan
3000,102,699,nan,300,nan,8.0,nan,nan,nan,nan,nan,nan,nan,nan,43,nan,2,nan,nan,19.0,nan,nan,nan,nan
3000,102,700,nan,360,nan,7.0,nan,nan,nan,nan,nan,nan,nan,nan,52,nan,3,nan,nan,22.0,nan,nan,nan,nan
3000,103,701,nan,440,nan,26.0,nan,nan,nan,nan,nan,nan,nan,nan,44,nan,7,nan,nan,10.0,nan,nan,nan,nan
3000,102,702,nan,600,nan,32.0,nan,nan,nan,nan,nan,nan,nan,nan,47,nan,6,nan,nan,32.0,nan,nan,nan,nan
3000,101,703,nan,530,nan,29.0,nan,nan,nan,nan,nan,nan,nan,nan,44,nan,2,nan,nan,23.0,nan,nan,nan,nan
3000,101,704,nan,350,nan,18.0,nan,nan,nan,nan,nan,nan,nan,nan,31,nan,1,nan,nan,16.0,nan,nan,nan,nan
3000,107,705,nan,500,nan,28.0,nan,nan,nan,nan,nan,nan,nan,nan,46,nan,4,nan,nan,18.0,nan,nan,nan,nan
3000,103,706,nan,560,nan,29.0,nan,nan,nan,nan,nan,nan,nan,nan,53,nan,7,nan,nan,24.0,nan,nan,nan,nan
3000,103,707,nan,570,nan,23.0,nan,nan,nan,nan,nan,nan,nan,nan,67,nan,11,nan,nan,27.0,nan,nan,nan,nan
3000,109,708,nan,420,nan,16.0,nan,nan,nan,nan,nan,nan,nan,nan,49,nan,5,nan,nan,22.0,nan,nan,nan,nan
3000,109,709,nan,450,nan,27.0,nan,nan,nan,nan,nan,nan,nan,nan,34,nan,4,nan,nan,20.0,nan,nan,nan,nan
3000,109,710,nan,460,nan,22.0,nan,nan,nan,nan,nan,nan,nan,nan,45,nan,4,nan,nan,20.0,nan,nan,nan,nan
3000,100,711,nan,460,nan,24.0,nan,nan,nan,nan,nan,nan,nan,nan,40,nan,5,nan,nan,23.0,nan,nan,nan,nan
3000,109,712,nan,520,nan,26.0,nan,nan,nan,nan,nan,nan,nan,nan,53,nan,5,nan,nan,20.0,nan,nan,nan,nan
3000,109,713,nan,360,nan,12.0,nan,nan,nan,nan,nan,nan,nan,nan,42,nan,5,nan,nan,24.0,nan,nan,nan,nan
3000,105,714,nan,170,nan,9.0,nan,nan,nan,nan,nan,nan,nan,nan,23,nan,0,nan,nan,1.0,nan,nan,nan,nan
3000,105,715,nan,160,nan,8.0,nan,nan,nan,nan,nan,nan,nan,nan,23,nan,1,nan,nan,2.0,nan,nan,nan,nan
3000,105,716,nan,180,nan,9.0,nan,nan,nan,nan,nan,nan,nan,nan,23,nan,0,nan,nan,2.0,nan,nan,nan,nan
3000,105,717,nan,180,nan,9.0,nan,nan,nan,nan,nan,nan,nan,nan,24,nan,0,nan,nan,1.0,nan,nan,nan,nan
3000,100,718,nan,370,nan,19.0,nan,nan,nan,nan,nan,nan,nan,nan,32,nan,1,nan,nan,18.0,nan,nan,nan,nan
3000,100,719,nan,280,nan,13.0,nan,nan,nan,nan,nan,nan,nan,nan,18,nan,6,nan,nan,18.0,nan,nan,nan,nan
3000,100,720,nan,160,nan,2.5,nan,nan,nan,nan,nan,nan,nan,nan,28,nan,4,nan,nan,5.0,nan,nan,nan,nan
3000,100,721,nan,490,nan,27.0,nan,nan,nan,nan,nan,nan,nan,nan,40,nan,1,nan,nan,21.0,nan,nan,nan,nan
3000,100,722,nan,320,nan,17.0,nan,nan,nan,nan,nan,nan,nan,nan,28,nan,1,nan,nan,14.0,nan,nan,nan,nan
3000,100,723,nan,220,nan,2.5,nan,nan,nan,nan,nan,nan,nan,nan,43,nan,5,nan,nan,5.0,nan,nan,nan,nan
3000,100,724,nan,230,nan,6.0,nan,nan,nan,nan,nan,nan,nan,nan,28,nan,2,nan,nan,16.0,nan,nan,nan,nan
3000,100,725,nan,500,nan,28.0,nan,nan,nan,nan,nan,nan,nan,nan,41,nan,1,nan,nan,15.0,nan,nan,nan,nan
3000,100,726,nan,410,nan,18.0,nan,nan,nan,nan,nan,nan,nan,nan,43,nan,2,nan,nan,21.0,nan,nan,nan,nan
3000,100,727,nan,450,nan,23.0,nan,nan,nan,nan,nan,nan,nan,nan,42,nan,1,nan,nan,24.0,nan,nan,nan,nan
3000,100,728,nan,310,nan,22.0,nan,nan,nan,nan,nan,nan,nan,nan,9,nan,0,nan,nan,19.0,nan,nan,nan,nan
3000,100,729,nan,170,nan,7.0,nan,nan,nan,nan,nan,nan,nan,nan,13,nan,1,nan,nan,13.0,nan,nan,nan,nan
3000,100,730,nan,500,nan,30.0,nan,nan,nan,nan,nan,nan,nan,nan,35,nan,3,nan,nan,26.0,nan,nan,nan,nan
3000,100,731,nan,290,nan,10.0,nan,nan,nan,nan,nan,nan,nan,nan,33,nan,6,nan,nan,19.0,nan,nan,nan,nan
3000,102,732,nan,500,nan,19.0,nan,nan,nan,nan,nan,nan,nan,nan,57,nan,4,nan,nan,26.0,nan,nan,nan,nan
3000,109,733,nan,420,nan,17.0,nan,nan,nan,nan,nan,nan,nan,nan,42,nan,9,nan,nan,27.0,nan,nan,nan,nan
3000,102,734,nan,510,nan,27.0,nan,nan,nan,nan,nan,nan,nan,nan,37,nan,5,nan,nan,24.0,nan,nan,nan,nan
3000,102,735,nan,470,nan,25.0,nan,nan,nan,nan,nan,nan,nan,nan,35,nan,3,nan,nan,21.0,nan,nan,nan,nan
3000,102,736,nan,480,nan,27.0,nan,nan,nan,nan,nan,nan,nan,nan,42,nan,7,nan,nan,16.0,nan,nan,nan,nan
3000,102,737,nan,480,nan,17.0,nan,nan,nan,nan,nan,nan,nan,nan,57,nan,3,nan,nan,23.0,nan,nan,nan,nan
3000,102,738,nan,480,nan,20.0,nan,nan,nan,nan,nan,nan,nan,nan,49,nan,3,nan,nan,22.0,nan,nan,nan,nan
3000,109,739,nan,650,nan,29.0,nan,nan,nan,nan,nan,nan,nan,nan,80,nan,21,nan,nan,23.0,nan,nan,nan,nan
3000,107,740,nan,420,nan,18.0,nan,nan,nan,nan,nan,nan,nan,nan,47,nan,3,nan,nan,11.0,nan,nan,nan,nan
3000,102,741,nan,460,nan,21.0,nan,nan,nan,nan,nan,nan,nan,nan,31,nan,2,nan,nan,29.0,nan,nan,nan,nan
3000,102,742,nan,560,nan,23.0,nan,nan,nan,nan,nan,nan,nan,nan,55,nan,3,nan,nan,34.0,nan,nan,nan,nan
3000,100,743,nan,240,nan,2.5,nan,nan,nan,nan,nan,nan,nan,nan,39,nan,3,nan,nan,14.0,nan,nan,nan,nan
3000,100,744,nan,240,nan,2.5,nan,nan,nan,nan,nan,nan,nan,nan,42,nan,2,nan,nan,14.0,nan,nan,nan,nan
3000,108,745,nan,180,nan,14.0,nan,nan,nan,nan,nan,nan,nan,nan,12,nan,3,nan,nan,4.0,nan,nan,nan,nan
3000,108,746,nan,190,nan,18.0,nan,nan,nan,nan,nan,nan,nan,nan,6,nan,3,nan,nan,7.0,nan,nan,nan,nan
3000,100,747,nan,340,nan,13.0,nan,nan,nan,nan,nan,nan,nan,nan,38,nan,0,nan,nan,18.0,nan,nan,nan,nan
3000,100,748,nan,90,nan,8.0,nan,nan,nan,nan,nan,nan,nan,nan,5,nan,4,nan,nan,1.0,nan,nan,nan,nan
3000,100,749,nan,90,nan,0.0,nan,nan,nan,nan,nan,nan,nan,nan,24,nan,4,nan,nan,1.0,nan,nan,nan,nan
